player_id,fullname,teammate_id,teammate_fullname,team_id,season
1630555,Joel Ayayi,203484,Kentavious Caldwell-Pope,1610612764,2021-22
1630555,Joel Ayayi,203078,Bradley Beal,1610612764,2021-22
1630555,Joel Ayayi,202397,Ish Smith,1610612764,2021-22
1630555,Joel Ayayi,1630216,Cassius Winston,1610612764,2021-22
1630555,Joel Ayayi,204001,Kristaps Porziņģis,1610612764,2021-22
1630555,Joel Ayayi,1629060,Rui Hachimura,1610612764,2021-22
1630555,Joel Ayayi,1630166,Deni Avdija,1610612764,2021-22
1630555,Joel Ayayi,1628418,Thomas Bryant,1610612764,2021-22
1630555,Joel Ayayi,1630225,Isaiah Todd,1610612764,2021-22
1630555,Joel Ayayi,1630264,Anthony Gill,1610612764,2021-22
1630555,Joel Ayayi,203526,Raul Neto,1610612764,2021-22
1630555,Joel Ayayi,1630648,Jordan Schakel,1610612764,2021-22
1630555,Joel Ayayi,1629655,Daniel Gafford,1610612764,2021-22
1630555,Joel Ayayi,1630176,Vernon Carey Jr.,1610612764,2021-22
1630555,Joel Ayayi,1630557,Corey Kispert,1610612764,2021-22
1630555,Joel Ayayi,203107,Tomas Satoransky,1610612764,2021-22
1630555,Joel Ayayi,1628398,Kyle Kuzma,1610612764,2021-22
1858,Mark Baker,1503,Tracy McGrady,1610612761,1998-99
1858,Mark Baker,1565,Michael Stewart,1610612761,1998-99
1858,Mark Baker,244,Dee Brown,1610612761,1998-99
1858,Mark Baker,1519,John Thomas,1610612761,1998-99
1858,Mark Baker,57,Doug Christie,1610612761,1998-99
1858,Mark Baker,1713,Vince Carter,1610612761,1998-99
1858,Mark Baker,1541,Alvin Williams,1610612761,1998-99
1858,Mark Baker,891,Charles Oakley,1610612761,1998-99
1858,Mark Baker,1073,Reggie Slater,1610612761,1998-99
1858,Mark Baker,788,Kevin Willis,1610612761,1998-99
1858,Mark Baker,961,John Wallace,1610612761,1998-99
1627760,Cat Barber,1626153,Delon Wright,1610612737,2021-22
1627760,Cat Barber,1630552,Jalen Johnson,1610612737,2021-22
1627760,Cat Barber,1630536,Sharife Cooper,1610612737,2021-22
1627760,Cat Barber,1628989,Kevin Huerter,1610612737,2021-22
1627760,Cat Barber,1630219,Skylar Mays,1610612737,2021-22
1627760,Cat Barber,1628995,Kevin Knox II,1610612737,2021-22
1627760,Cat Barber,101150,Lou Williams,1610612737,2021-22
1627760,Cat Barber,1627789,Timothe Luwawu-Cabarrot,1610612737,2021-22
1627760,Cat Barber,201568,Danilo Gallinari,1610612737,2021-22
1627760,Cat Barber,203476,Gorgui Dieng,1610612737,2021-22
1627760,Cat Barber,1629027,Trae Young,1610612737,2021-22
1627760,Cat Barber,1629631,De'Andre Hunter,1610612737,2021-22
1627760,Cat Barber,203992,Bogdan Bogdanović,1610612737,2021-22
1627760,Cat Barber,203991,Clint Capela,1610612737,2021-22
1627760,Cat Barber,1630168,Onyeka Okongwu,1610612737,2021-22
1627760,Cat Barber,1628381,John Collins,1610612737,2021-22
1627760,Cat Barber,1630602,Chaundee Brown Jr.,1610612737,2021-22
1628238,Paris Bass,201580,JaVale McGee,1610612756,2021-22
1628238,Paris Bass,1628470,Torrey Craig,1610612756,2021-22
1628238,Paris Bass,1626164,Devin Booker,1610612756,2021-22
1628238,Paris Bass,203901,Elfrid Payton,1610612756,2021-22
1628238,Paris Bass,101108,Chris Paul,1610612756,2021-22
1628238,Paris Bass,1628988,Aaron Holiday,1610612756,2021-22
1628238,Paris Bass,1630688,Ish Wainright,1610612756,2021-22
1628238,Paris Bass,1629013,Landry Shamet,1610612756,2021-22
1628238,Paris Bass,1626166,Cameron Payne,1610612756,2021-22
1628238,Paris Bass,202687,Bismack Biyombo,1610612756,2021-22
1628238,Paris Bass,1630994,Gabriel Lundberg,1610612756,2021-22
1628238,Paris Bass,203967,Dario Šarić,1610612756,2021-22
1628238,Paris Bass,1629028,Deandre Ayton,1610612756,2021-22
1628238,Paris Bass,1629661,Cameron Johnson,1610612756,2021-22
1628238,Paris Bass,1628969,Mikal Bridges,1610612756,2021-22
1628238,Paris Bass,203109,Jae Crowder,1610612756,2021-22
203968,Jerrelle Benimon,204060,Joe Ingles,1610612762,2014-15
203968,Jerrelle Benimon,203504,Trey Burke,1610612762,2014-15
203968,Jerrelle Benimon,203918,Rodney Hood,1610612762,2014-15
203968,Jerrelle Benimon,203955,Bryce Cotton,1610612762,2014-15
203968,Jerrelle Benimon,202692,Alec Burks,1610612762,2014-15
203968,Jerrelle Benimon,203957,Danté Exum,1610612762,2014-15
203968,Jerrelle Benimon,202407,Elijah Millsap,1610612762,2014-15
203968,Jerrelle Benimon,202324,Derrick Favors,1610612762,2014-15
203968,Jerrelle Benimon,203511,Grant Jerrett,1610612762,2014-15
203968,Jerrelle Benimon,202330,Gordon Hayward,1610612762,2014-15
203968,Jerrelle Benimon,203187,Chris Johnson,1610612762,2014-15
203968,Jerrelle Benimon,203497,Rudy Gobert,1610612762,2014-15
203968,Jerrelle Benimon,202344,Trevor Booker,1610612762,2014-15
203968,Jerrelle Benimon,202379,Jeremy Evans,1610612762,2014-15
203968,Jerrelle Benimon,204022,Jack Cooley,1610612762,2014-15
202728,Keith Benson,2748,Dorell Wright,1610612744,2011-12
202728,Keith Benson,101126,Nate Robinson,1610612744,2011-12
202728,Keith Benson,202719,Jeremy Tyler,1610612744,2011-12
202728,Keith Benson,201575,Brandon Rush,1610612744,2011-12
202728,Keith Benson,201187,Dominic McGuire,1610612744,2011-12
202728,Keith Benson,101135,David Lee,1610612744,2011-12
202728,Keith Benson,202691,Klay Thompson,1610612744,2011-12
202728,Keith Benson,101106,Andrew Bogut,1610612744,2011-12
202728,Keith Benson,2740,Andris Biedrins,1610612744,2011-12
202728,Keith Benson,202724,Charles Jenkins,1610612744,2011-12
202728,Keith Benson,201939,Stephen Curry,1610612744,2011-12
202728,Keith Benson,1630,Mikki Moore,1610612744,2011-12
202728,Keith Benson,202148,Mickell Gladness,1610612744,2011-12
202728,Keith Benson,202874,Chris Wright,1610612744,2011-12
202728,Keith Benson,2210,Richard Jefferson,1610612744,2011-12
1627791,Ben Bentil,203457,Nerlens Noel,1610612742,2016-17
1627791,Ben Bentil,200826,J.J. Barea,1610612742,2016-17
1627791,Ben Bentil,202412,Manny Harris,1610612742,2016-17
1627791,Ben Bentil,203939,Dwight Powell,1610612742,2016-17
1627791,Ben Bentil,1627852,Nicolas Brussino,1610612742,2016-17
1627791,Ben Bentil,1627827,Dorian Finney-Smith,1610612742,2016-17
1627791,Ben Bentil,1627812,Yogi Ferrell,1610612742,2016-17
1627791,Ben Bentil,202732,DeAndre Liggins,1610612742,2016-17
1627791,Ben Bentil,1627784,Jarrod Uthoff,1610612742,2016-17
1627791,Ben Bentil,1627773,AJ Hammons,1610612742,2016-17
1627791,Ben Bentil,202083,Wesley Matthews,1610612742,2016-17
1627791,Ben Bentil,203552,Seth Curry,1610612742,2016-17
1627791,Ben Bentil,2734,Devin Harris,1610612742,2016-17
1627791,Ben Bentil,203084,Harrison Barnes,1610612742,2016-17
1627791,Ben Bentil,1717,Dirk Nowitzki,1610612742,2016-17
1627791,Ben Bentil,1626257,Salah Mejri,1610612742,2016-17
204021,Sim Bhullar,203492,Ray McCallum,1610612758,2014-15
204021,Sim Bhullar,200797,Ryan Hollins,1610612758,2014-15
204021,Sim Bhullar,201954,Darren Collison,1610612758,2014-15
204021,Sim Bhullar,200752,Rudy Gay,1610612758,2014-15
204021,Sim Bhullar,204065,David Stockton,1610612758,2014-15
204021,Sim Bhullar,203917,Nik Stauskas,1610612758,2014-15
204021,Sim Bhullar,202682,Derrick Williams,1610612758,2014-15
204021,Sim Bhullar,202326,DeMarcus Cousins,1610612758,2014-15
204021,Sim Bhullar,201956,Omri Casspi,1610612758,2014-15
204021,Sim Bhullar,1889,Andre Miller,1610612758,2014-15
204021,Sim Bhullar,203463,Ben McLemore,1610612758,2014-15
204021,Sim Bhullar,201171,Carl Landry,1610612758,2014-15
204021,Sim Bhullar,203961,Eric Moreland,1610612758,2014-15
204021,Sim Bhullar,2501,Reggie Evans,1610612758,2014-15
204021,Sim Bhullar,201574,Jason Thompson,1610612758,2014-15
2800,Tony Bobbitt,2406,Caron Butler,1610612747,2004-05
2800,Tony Bobbitt,1904,Devean George,1610612747,2004-05
2800,Tony Bobbitt,2575,Luke Walton,1610612747,2004-05
2800,Tony Bobbitt,977,Kobe Bryant,1610612747,2004-05
2800,Tony Bobbitt,1088,Chucky Atkins,1610612747,2004-05
2800,Tony Bobbitt,124,Vlade Divac,1610612747,2004-05
2800,Tony Bobbitt,2098,Slava Medvedenko,1610612747,2004-05
2800,Tony Bobbitt,2756,Sasha Vujacic,1610612747,2004-05
2800,Tony Bobbitt,1908,Jumaine Jones,1610612747,2004-05
2800,Tony Bobbitt,2036,Chris Mihm,1610612747,2004-05
2800,Tony Bobbitt,2567,Brian Cook,1610612747,2004-05
2800,Tony Bobbitt,258,Brian Grant,1610612747,2004-05
1121,Dexter Boney,76,Cedric Ceballos,1610612756,1996-97
1121,Dexter Boney,95,Mark Bryant,1610612756,1996-97
1121,Dexter Boney,364,Rex Chapman,1610612756,1996-97
1121,Dexter Boney,134,Kevin Johnson,1610612756,1996-97
1121,Dexter Boney,445,Wesley Person,1610612756,1996-97
1121,Dexter Boney,959,Steve Nash,1610612756,1996-97
1121,Dexter Boney,330,Danny Manning,1610612756,1996-97
1121,Dexter Boney,73,Hot Rod Williams,1610612756,1996-97
1121,Dexter Boney,47,Wayman Tisdale,1610612756,1996-97
1121,Dexter Boney,467,Jason Kidd,1610612756,1996-97
1121,Dexter Boney,684,Loren Meyer,1610612756,1996-97
1121,Dexter Boney,1479,Mike Brown,1610612756,1996-97
200841,Cedric Bozeman,2735,Josh Childress,1610612737,2006-07
200841,Cedric Bozeman,2207,Joe Johnson,1610612737,2006-07
200841,Cedric Bozeman,2098,Slava Medvedenko,1610612737,2006-07
200841,Cedric Bozeman,2746,Josh Smith,1610612737,2006-07
200841,Cedric Bozeman,1533,Anthony Johnson,1610612737,2006-07
200841,Cedric Bozeman,1731,Tyronn Lue,1610612737,2006-07
200841,Cedric Bozeman,101212,Esteban Batista,1610612737,2006-07
200841,Cedric Bozeman,2049,Speedy Claxton,1610612737,2006-07
200841,Cedric Bozeman,101136,Salim Stoudamire,1610612737,2006-07
200841,Cedric Bozeman,101107,Marvin Williams,1610612737,2006-07
200841,Cedric Bozeman,2585,Zaza Pachulia,1610612737,2006-07
200841,Cedric Bozeman,200749,Shelden Williams,1610612737,2006-07
200841,Cedric Bozeman,2767,Royal Ivey,1610612737,2006-07
200841,Cedric Bozeman,953,Lorenzen Wright,1610612737,2006-07
200841,Cedric Bozeman,200780,Solomon Jones,1610612737,2006-07
1920,A.J. Bramlett,1930,Lari Ketner,1610612739,1999-00
1920,A.J. Bramlett,445,Wesley Person,1610612739,1999-00
1920,A.J. Bramlett,95,Mark Bryant,1610612739,1999-00
1920,A.J. Bramlett,682,Bob Sura,1610612739,1999-00
1920,A.J. Bramlett,431,Shawn Kemp,1610612739,1999-00
1920,A.J. Bramlett,1863,Earl Boykins,1610612739,1999-00
1920,A.J. Bramlett,1510,Brevin Knight,1610612739,1999-00
1920,A.J. Bramlett,1889,Andre Miller,1610612739,1999-00
1920,A.J. Bramlett,441,Lamond Murray,1610612739,1999-00
1920,A.J. Bramlett,198,Danny Ferry,1610612739,1999-00
1920,A.J. Bramlett,1538,Cedric Henderson,1610612739,1999-00
1920,A.J. Bramlett,692,Andrew DeClercq,1610612739,1999-00
1629714,Jarrell Brantley,203903,Jordan Clarkson,1610612762,2022-23
1629714,Jarrell Brantley,1629659,Talen Horton-Tucker,1610612762,2022-23
1629714,Jarrell Brantley,1629012,Collin Sexton,1610612762,2022-23
1629714,Jarrell Brantley,1627739,Kris Dunn,1610612762,2022-23
1629714,Jarrell Brantley,1630176,Vernon Carey Jr.,1610612762,2022-23
1629714,Jarrell Brantley,1627745,Damian Jones,1610612762,2022-23
1629714,Jarrell Brantley,1631323,Simone Fontecchio,1610612762,2022-23
1629714,Jarrell Brantley,1629677,Luka Samanic,1610612762,2022-23
1629714,Jarrell Brantley,1628962,Udoka Azubuike,1610612762,2022-23
1629714,Jarrell Brantley,200752,Rudy Gay,1610612762,2022-23
1629714,Jarrell Brantley,1628374,Lauri Markkanen,1610612762,2022-23
1629714,Jarrell Brantley,1631117,Walker Kessler,1610612762,2022-23
1629714,Jarrell Brantley,1630695,Micah Potter,1610612762,2022-23
1629714,Jarrell Brantley,1630534,Ochai Agbaji,1610612762,2022-23
1629714,Jarrell Brantley,1630548,Johnny Juzang,1610612762,2022-23
1629714,Jarrell Brantley,203482,Kelly Olynyk,1610612762,2022-23
1629714,Jarrell Brantley,1629308,Juan Toscano-Anderson,1610612762,2022-23
1629714,Jarrell Brantley,203903,Jordan Clarkson,1610612762,2020-21
1629714,Jarrell Brantley,204060,Joe Ingles,1610612762,2020-21
1629714,Jarrell Brantley,1630235,Trent Forrest,1610612762,2020-21
1629714,Jarrell Brantley,201144,Mike Conley,1610612762,2020-21
1629714,Jarrell Brantley,202324,Derrick Favors,1610612762,2020-21
1629714,Jarrell Brantley,1629752,Juwan Morgan,1610612762,2020-21
1629714,Jarrell Brantley,1628962,Udoka Azubuike,1610612762,2020-21
1629714,Jarrell Brantley,1629744,Matt Thomas,1610612762,2020-21
1629714,Jarrell Brantley,1626220,Royce O'Neale,1610612762,2020-21
1629714,Jarrell Brantley,203497,Rudy Gobert,1610612762,2020-21
1629714,Jarrell Brantley,1627777,Georges Niang,1610612762,2020-21
1629714,Jarrell Brantley,1630190,Elijah Hughes,1610612762,2020-21
1629714,Jarrell Brantley,202711,Bojan Bogdanovic,1610612762,2020-21
1629714,Jarrell Brantley,1628378,Donovan Mitchell,1610612762,2020-21
1629714,Jarrell Brantley,101141,Ersan Ilyasova,1610612762,2020-21
1629714,Jarrell Brantley,1629671,Miye Oni,1610612762,2020-21
1629714,Jarrell Brantley,203903,Jordan Clarkson,1610612762,2020-21
1629714,Jarrell Brantley,204060,Joe Ingles,1610612762,2020-21
1629714,Jarrell Brantley,1630235,Trent Forrest,1610612762,2020-21
1629714,Jarrell Brantley,201144,Mike Conley,1610612762,2020-21
1629714,Jarrell Brantley,202324,Derrick Favors,1610612762,2020-21
1629714,Jarrell Brantley,1629752,Juwan Morgan,1610612762,2020-21
1629714,Jarrell Brantley,1628962,Udoka Azubuike,1610612762,2020-21
1629714,Jarrell Brantley,1629744,Matt Thomas,1610612762,2020-21
1629714,Jarrell Brantley,1626220,Royce O'Neale,1610612762,2020-21
1629714,Jarrell Brantley,203497,Rudy Gobert,1610612762,2020-21
1629714,Jarrell Brantley,1627777,Georges Niang,1610612762,2020-21
1629714,Jarrell Brantley,1630190,Elijah Hughes,1610612762,2020-21
1629714,Jarrell Brantley,202711,Bojan Bogdanovic,1610612762,2020-21
1629714,Jarrell Brantley,1628378,Donovan Mitchell,1610612762,2020-21
1629714,Jarrell Brantley,101141,Ersan Ilyasova,1610612762,2020-21
1629714,Jarrell Brantley,1629671,Miye Oni,1610612762,2020-21
1629714,Jarrell Brantley,203903,Jordan Clarkson,1610612762,2019-20
1629714,Jarrell Brantley,1628430,Nigel Williams-Goss,1610612762,2019-20
1629714,Jarrell Brantley,204060,Joe Ingles,1610612762,2019-20
1629714,Jarrell Brantley,1629625,Justin Wright-Foreman,1610612762,2019-20
1629714,Jarrell Brantley,1629730,Rayjon Tucker,1610612762,2019-20
1629714,Jarrell Brantley,201144,Mike Conley,1610612762,2019-20
1629714,Jarrell Brantley,1628396,Tony Bradley,1610612762,2019-20
1629714,Jarrell Brantley,1626144,Emmanuel Mudiay,1610612762,2019-20
1629714,Jarrell Brantley,1629752,Juwan Morgan,1610612762,2019-20
1629714,Jarrell Brantley,202334,Ed Davis,1610612762,2019-20
1629714,Jarrell Brantley,1626220,Royce O'Neale,1610612762,2019-20
1629714,Jarrell Brantley,203497,Rudy Gobert,1610612762,2019-20
1629714,Jarrell Brantley,1627777,Georges Niang,1610612762,2019-20
1629714,Jarrell Brantley,202711,Bojan Bogdanovic,1610612762,2019-20
1629714,Jarrell Brantley,1628378,Donovan Mitchell,1610612762,2019-20
1629714,Jarrell Brantley,1629671,Miye Oni,1610612762,2019-20
1629714,Jarrell Brantley,203903,Jordan Clarkson,1610612762,2019-20
1629714,Jarrell Brantley,1628430,Nigel Williams-Goss,1610612762,2019-20
1629714,Jarrell Brantley,204060,Joe Ingles,1610612762,2019-20
1629714,Jarrell Brantley,1629625,Justin Wright-Foreman,1610612762,2019-20
1629714,Jarrell Brantley,1629730,Rayjon Tucker,1610612762,2019-20
1629714,Jarrell Brantley,201144,Mike Conley,1610612762,2019-20
1629714,Jarrell Brantley,1628396,Tony Bradley,1610612762,2019-20
1629714,Jarrell Brantley,1626144,Emmanuel Mudiay,1610612762,2019-20
1629714,Jarrell Brantley,1629752,Juwan Morgan,1610612762,2019-20
1629714,Jarrell Brantley,202334,Ed Davis,1610612762,2019-20
1629714,Jarrell Brantley,1626220,Royce O'Neale,1610612762,2019-20
1629714,Jarrell Brantley,203497,Rudy Gobert,1610612762,2019-20
1629714,Jarrell Brantley,1627777,Georges Niang,1610612762,2019-20
1629714,Jarrell Brantley,202711,Bojan Bogdanovic,1610612762,2019-20
1629714,Jarrell Brantley,1628378,Donovan Mitchell,1610612762,2019-20
1629714,Jarrell Brantley,1629671,Miye Oni,1610612762,2019-20
1628515,Isaiah Briscoe,203932,Aaron Gordon,1610612753,2018-19
1628515,Isaiah Briscoe,1628371,Jonathan Isaac,1610612753,2018-19
1628515,Isaiah Briscoe,1626185,Jarell Martin,1610612753,2018-19
1628515,Isaiah Briscoe,1628505,Troy Caupain,1610612753,2018-19
1628515,Isaiah Briscoe,1628964,Mo Bamba,1610612753,2018-19
1628515,Isaiah Briscoe,203487,Michael Carter-Williams,1610612753,2018-19
1628515,Isaiah Briscoe,202696,Nikola Vučević,1610612753,2018-19
1628515,Isaiah Briscoe,203095,Evan Fournier,1610612753,2018-19
1628515,Isaiah Briscoe,1628518,Amile Jefferson,1610612753,2018-19
1628515,Isaiah Briscoe,201571,D.J. Augustin,1610612753,2018-19
1628515,Isaiah Briscoe,1628365,Markelle Fultz,1610612753,2018-19
1628515,Isaiah Briscoe,202389,Timofey Mozgov,1610612753,2018-19
1628515,Isaiah Briscoe,1626170,Jerian Grant,1610612753,2018-19
1628515,Isaiah Briscoe,203920,Khem Birch,1610612753,2018-19
1628515,Isaiah Briscoe,1628411,Wes Iwundu,1610612753,2018-19
1628515,Isaiah Briscoe,203082,Terrence Ross,1610612753,2018-19
1628515,Isaiah Briscoe,1628982,Melvin Frazier Jr.,1610612753,2018-19
1631167,Izaiah Brockington,1631220,Dereon Seabron,1610612740,2023-24
1631167,Izaiah Brockington,1629627,Zion Williamson,1610612740,2023-24
1631167,Izaiah Brockington,203468,CJ McCollum,1610612740,2023-24
1631167,Izaiah Brockington,1630529,Herbert Jones,1610612740,2023-24
1631167,Izaiah Brockington,1630230,Naji Marshall,1610612740,2023-24
1631167,Izaiah Brockington,1630700,Dyson Daniels,1610612740,2023-24
1631167,Izaiah Brockington,1627742,Brandon Ingram,1610612740,2023-24
1631167,Izaiah Brockington,1630631,Jose Alvarado,1610612740,2023-24
1631167,Izaiah Brockington,202685,Jonas Valančiūnas,1610612740,2023-24
1631167,Izaiah Brockington,1626204,Larry Nance Jr.,1610612740,2023-24
1631167,Izaiah Brockington,1641722,Jordan Hawkins,1610612740,2023-24
1631167,Izaiah Brockington,1630530,Trey Murphy III,1610612740,2023-24
1631167,Izaiah Brockington,1630604,E.J. Liddell,1610612740,2023-24
1631167,Izaiah Brockington,1630792,Malcolm Hill,1610612740,2023-24
1631167,Izaiah Brockington,1630346,Matt Ryan,1610612740,2023-24
1631167,Izaiah Brockington,203469,Cody Zeller,1610612740,2023-24
1631167,Izaiah Brockington,1630526,Jeremiah Robinson-Earl,1610612740,2023-24
1629783,Shaq Buchanan,1629001,De'Anthony Melton,1610612763,2021-22
1629783,Shaq Buchanan,203937,Kyle Anderson,1610612763,2021-22
1629783,Shaq Buchanan,1630214,Xavier Tillman,1610612763,2021-22
1629783,Shaq Buchanan,1630179,Tyrell Terry,1610612763,2021-22
1629783,Shaq Buchanan,203500,Steven Adams,1610612763,2021-22
1629783,Shaq Buchanan,1630582,Yves Pons,1610612763,2021-22
1629783,Shaq Buchanan,1630583,Santi Aldama,1610612763,2021-22
1629783,Shaq Buchanan,1630533,Ziaire Williams,1610612763,2021-22
1629783,Shaq Buchanan,1629630,Ja Morant,1610612763,2021-22
1629783,Shaq Buchanan,1628991,Jaren Jackson Jr.,1610612763,2021-22
1629783,Shaq Buchanan,1629634,Brandon Clarke,1610612763,2021-22
1629783,Shaq Buchanan,1626145,Tyus Jones,1610612763,2021-22
1629783,Shaq Buchanan,1630217,Desmond Bane,1610612763,2021-22
1629783,Shaq Buchanan,1629633,Jarrett Culver,1610612763,2021-22
1629783,Shaq Buchanan,1628415,Dillon Brooks,1610612763,2021-22
1629783,Shaq Buchanan,1629681,Killian Tillie,1610612763,2021-22
1629783,Shaq Buchanan,1629723,John Konchar,1610612763,2021-22
2367,Geno Carlisle,1507,Derek Anderson,1610612757,2004-05
2367,Geno Carlisle,757,Damon Stoudamire,1610612757,2004-05
2367,Geno Carlisle,2775,Ha Ha,1610612757,2004-05
2367,Geno Carlisle,2038,Joel Przybilla,1610612757,2004-05
2367,Geno Carlisle,2499,Richie Frahm,1610612757,2004-05
2367,Geno Carlisle,1739,Ruben Patterson,1610612757,2004-05
2367,Geno Carlisle,2032,Darius Miles,1610612757,2004-05
2367,Geno Carlisle,2566,Travis Outlaw,1610612757,2004-05
2367,Geno Carlisle,2742,Sebastian Telfair,1610612757,2004-05
2367,Geno Carlisle,949,Shareef Abdur-Rahim,1610612757,2004-05
2367,Geno Carlisle,2751,Viktor Khryapa,1610612757,2004-05
2367,Geno Carlisle,689,Theo Ratliff,1610612757,2004-05
1131,Jimmy Carruth,386,Elliot Perry,1610612749,1996-97
1131,Jimmy Carruth,116,David Wood,1610612749,1996-97
1131,Jimmy Carruth,288,Armen Gilliam,1610612749,1996-97
1131,Jimmy Carruth,299,Glenn Robinson,1610612749,1996-97
1131,Jimmy Carruth,428,Sherman Douglas,1610612749,1996-97
1131,Jimmy Carruth,271,Johnny Newman,1610612749,1996-97
1131,Jimmy Carruth,341,Joe Wolf,1610612749,1996-97
1131,Jimmy Carruth,457,Andrew Lang,1610612749,1996-97
1131,Jimmy Carruth,951,Ray Allen,1610612749,1996-97
1131,Jimmy Carruth,452,Vin Baker,1610612749,1996-97
1131,Jimmy Carruth,359,Chucky Brown,1610612749,1996-97
1131,Jimmy Carruth,768,Acie Earl,1610612749,1996-97
1629958,Ahmad Caver,1628221,Gabe York,1610612754,2021-22
1629958,Ahmad Caver,1630169,Tyrese Haliburton,1610612754,2021-22
1629958,Ahmad Caver,203933,T.J. Warren,1610612754,2021-22
1629958,Ahmad Caver,1630537,Chris Duarte,1610612754,2021-22
1629958,Ahmad Caver,1630613,Duane Washington Jr.,1610612754,2021-22
1629958,Ahmad Caver,202362,Lance Stephenson,1610612754,2021-22
1629958,Ahmad Caver,1627763,Malcolm Brogdon,1610612754,2021-22
1629958,Ahmad Caver,204456,T.J. McConnell,1610612754,2021-22
1629958,Ahmad Caver,1629052,Oshae Brissett,1610612754,2021-22
1629958,Ahmad Caver,1630207,Nate Hinton,1610612754,2021-22
1629958,Ahmad Caver,1630543,Isaiah Jackson,1610612754,2021-22
1629958,Ahmad Caver,1627741,Buddy Hield,1610612754,2021-22
1629958,Ahmad Caver,1630188,Jalen Smith,1610612754,2021-22
1629958,Ahmad Caver,1630678,Terry Taylor,1610612754,2021-22
1629958,Ahmad Caver,1626167,Myles Turner,1610612754,2021-22
1629958,Ahmad Caver,1629048,Goga Bitadze,1610612754,2021-22
1629958,Ahmad Caver,201937,Ricky Rubio,1610612754,2021-22
1630608,Malcolm Cazalon,1631105,Jalen Duren,1610612765,2023-24
1630608,Malcolm Cazalon,1630595,Cade Cunningham,1610612765,2023-24
1630608,Malcolm Cazalon,1629002,Chimezie Metu,1610612765,2023-24
1630608,Malcolm Cazalon,1628972,Troy Brown Jr.,1610612765,2023-24
1630608,Malcolm Cazalon,1631197,Jared Rhoden,1610612765,2023-24
1630608,Malcolm Cazalon,1641709,Ausar Thompson,1610612765,2023-24
1630608,Malcolm Cazalon,1630164,James Wiseman,1610612765,2023-24
1630608,Malcolm Cazalon,1630649,Stanley Umude,1610612765,2023-24
1630608,Malcolm Cazalon,1641787,Tosan Evbuomwan,1610612765,2023-24
1630608,Malcolm Cazalon,1630201,Malachi Flynn,1610612765,2023-24
1630608,Malcolm Cazalon,1631323,Simone Fontecchio,1610612765,2023-24
1630608,Malcolm Cazalon,1631093,Jaden Ivey,1610612765,2023-24
1630608,Malcolm Cazalon,1629656,Quentin Grimes,1610612765,2023-24
1630608,Malcolm Cazalon,1631204,Marcus Sasser,1610612765,2023-24
1630608,Malcolm Cazalon,1631205,Buddy Boeheim,1610612765,2023-24
1630608,Malcolm Cazalon,1630191,Isaiah Stewart,1610612765,2023-24
1630608,Malcolm Cazalon,203095,Evan Fournier,1610612765,2023-24
1630608,Malcolm Cazalon,201959,Taj Gibson,1610612765,2023-24
203805,Will Cherry,201567,Kevin Love,1610612739,2014-15
203805,Will Cherry,2592,James Jones,1610612739,2014-15
203805,Will Cherry,202681,Kyrie Irving,1610612739,2014-15
203805,Will Cherry,2570,Kendrick Perkins,1610612739,2014-15
203805,Will Cherry,202697,Iman Shumpert,1610612739,2014-15
203805,Will Cherry,2747,JR Smith,1610612739,2014-15
203805,Will Cherry,203521,Matthew Dellavedova,1610612739,2014-15
203805,Will Cherry,203925,Joe Harris,1610612739,2014-15
203805,Will Cherry,202684,Tristan Thompson,1610612739,2014-15
203805,Will Cherry,2760,Anderson Varejao,1610612739,2014-15
203805,Will Cherry,2034,Mike Miller,1610612739,2014-15
203805,Will Cherry,202389,Timofey Mozgov,1610612739,2014-15
203805,Will Cherry,2544,LeBron James,1610612739,2014-15
203805,Will Cherry,1890,Shawn Marion,1610612739,2014-15
203805,Will Cherry,2217,Brendan Haywood,1610612739,2014-15
203565,Patrick Christopher,204060,Joe Ingles,1610612762,2014-15
203565,Patrick Christopher,203504,Trey Burke,1610612762,2014-15
203565,Patrick Christopher,203918,Rodney Hood,1610612762,2014-15
203565,Patrick Christopher,203955,Bryce Cotton,1610612762,2014-15
203565,Patrick Christopher,202692,Alec Burks,1610612762,2014-15
203565,Patrick Christopher,203957,Danté Exum,1610612762,2014-15
203565,Patrick Christopher,202407,Elijah Millsap,1610612762,2014-15
203565,Patrick Christopher,202324,Derrick Favors,1610612762,2014-15
203565,Patrick Christopher,203511,Grant Jerrett,1610612762,2014-15
203565,Patrick Christopher,202330,Gordon Hayward,1610612762,2014-15
203565,Patrick Christopher,203187,Chris Johnson,1610612762,2014-15
203565,Patrick Christopher,203497,Rudy Gobert,1610612762,2014-15
203565,Patrick Christopher,202344,Trevor Booker,1610612762,2014-15
203565,Patrick Christopher,202379,Jeremy Evans,1610612762,2014-15
203565,Patrick Christopher,204022,Jack Cooley,1610612762,2014-15
1626262,Coty Clarke,202340,Avery Bradley,1610612738,2015-16
1626262,Coty Clarke,202738,Isaiah Thomas,1610612738,2015-16
1626262,Coty Clarke,203096,Jared Sullinger,1610612738,2015-16
1626262,Coty Clarke,201973,Jonas Jerebko,1610612738,2015-16
1626262,Coty Clarke,202323,Evan Turner,1610612738,2015-16
1626262,Coty Clarke,1626179,Terry Rozier,1610612738,2015-16
1626262,Coty Clarke,203923,James Young,1610612738,2015-16
1626262,Coty Clarke,1626154,RJ Hunter,1610612738,2015-16
1626262,Coty Clarke,204066,John Holland,1610612738,2015-16
1626262,Coty Clarke,203935,Marcus Smart,1610612738,2015-16
1626262,Coty Clarke,203482,Kelly Olynyk,1610612738,2015-16
1626262,Coty Clarke,203092,Tyler Zeller,1610612738,2015-16
1626262,Coty Clarke,1626175,Jordan Mickey,1610612738,2015-16
1626262,Coty Clarke,101161,Amir Johnson,1610612738,2015-16
1626262,Coty Clarke,203109,Jae Crowder,1610612738,2015-16
1628492,Gian Clavell,1628372,Dennis Smith Jr.,1610612742,2017-18
1628492,Gian Clavell,203457,Nerlens Noel,1610612742,2017-18
1628492,Gian Clavell,200826,J.J. Barea,1610612742,2017-18
1628492,Gian Clavell,1628405,Johnathan Motley,1610612742,2017-18
1628492,Gian Clavell,203939,Dwight Powell,1610612742,2017-18
1628492,Gian Clavell,1627858,Kyle Collinsworth,1610612742,2017-18
1628492,Gian Clavell,1626151,Aaron Harrison,1610612742,2017-18
1628492,Gian Clavell,1627827,Dorian Finney-Smith,1610612742,2017-18
1628492,Gian Clavell,1627812,Yogi Ferrell,1610612742,2017-18
1628492,Gian Clavell,203926,Doug McDermott,1610612742,2017-18
1628492,Gian Clavell,1627883,Jalen Jones,1610612742,2017-18
1628492,Gian Clavell,202083,Wesley Matthews,1610612742,2017-18
1628492,Gian Clavell,203552,Seth Curry,1610612742,2017-18
1628492,Gian Clavell,203084,Harrison Barnes,1610612742,2017-18
1628492,Gian Clavell,1717,Dirk Nowitzki,1610612742,2017-18
1628492,Gian Clavell,1628467,Maxi Kleber,1610612742,2017-18
1628492,Gian Clavell,1626257,Salah Mejri,1610612742,2017-18
202395,Sherron Collins,1536,Stephen Jackson,1610612766,2010-11
202395,Sherron Collins,2733,Shaun Livingston,1610612766,2010-11
202395,Sherron Collins,201187,Dominic McGuire,1610612766,2010-11
202395,Sherron Collins,2205,DeSagana Diop,1610612766,2010-11
202395,Sherron Collins,201591,DJ White,1610612766,2010-11
202395,Sherron Collins,2038,Joel Przybilla,1610612766,2010-11
202395,Sherron Collins,200748,Tyrus Thomas,1610612766,2010-11
202395,Sherron Collins,201571,D.J. Augustin,1610612766,2010-11
202395,Sherron Collins,201945,Gerald Henderson,1610612766,2010-11
202395,Sherron Collins,2059,Eduardo Najera,1610612766,2010-11
202395,Sherron Collins,2564,Boris Diaw,1610612766,2010-11
202395,Sherron Collins,2679,Matt Carroll,1610612766,2010-11
202395,Sherron Collins,202066,Garrett Temple,1610612766,2010-11
202395,Sherron Collins,201967,Dante Cunningham,1610612766,2010-11
202395,Sherron Collins,2198,Kwame Brown,1610612766,2010-11
1628435,Chance Comanche,203081,Damian Lillard,1610612757,2022-23
1628435,Chance Comanche,1629014,Anfernee Simons,1610612757,2022-23
1628435,Chance Comanche,1630570,Trendon Watford,1610612757,2022-23
1628435,Chance Comanche,1629680,Matisse Thybulle,1610612757,2022-23
1628435,Chance Comanche,1629629,Cam Reddish,1610612757,2022-23
1628435,Chance Comanche,1630553,Keon Johnson,1610612757,2022-23
1628435,Chance Comanche,203924,Jerami Grant,1610612757,2022-23
1628435,Chance Comanche,1629642,Nassir Little,1610612757,2022-23
1628435,Chance Comanche,1628995,Kevin Knox II,1610612757,2022-23
1628435,Chance Comanche,1631101,Shaedon Sharpe,1610612757,2022-23
1628435,Chance Comanche,1631219,John Butler Jr.,1610612757,2022-23
1628435,Chance Comanche,1629234,Drew Eubanks,1610612757,2022-23
1628435,Chance Comanche,1626159,Justise Winslow,1610612757,2022-23
1628435,Chance Comanche,203994,Jusuf Nurkić,1610612757,2022-23
1628435,Chance Comanche,1631133,Jabari Walker,1610612757,2022-23
1628435,Chance Comanche,1630641,Ibou Badji,1610612757,2022-23
1628435,Chance Comanche,1631466,Nate Williams,1610612757,2022-23
1627822,Petr Cornelie,203210,JaMychal Green,1610612743,2021-22
1627822,Petr Cornelie,1630210,Markus Howard,1610612743,2021-22
1627822,Petr Cornelie,1629008,Michael Porter Jr.,1610612743,2021-22
1627822,Petr Cornelie,1630538,Bones Hyland,1610612743,2021-22
1627822,Petr Cornelie,202326,DeMarcus Cousins,1610612743,2021-22
1627822,Petr Cornelie,203115,Will Barton,1610612743,2021-22
1627822,Petr Cornelie,1627854,Bryn Forbes,1610612743,2021-22
1627822,Petr Cornelie,1630267,Facundo Campazzo,1610612743,2021-22
1627822,Petr Cornelie,1628432,Davon Reed,1610612743,2021-22
1627822,Petr Cornelie,1628420,Monté Morris,1610612743,2021-22
1627822,Petr Cornelie,203999,Nikola Jokić,1610612743,2021-22
1627822,Petr Cornelie,1630192,Zeke Nnaji,1610612743,2021-22
1627822,Petr Cornelie,203085,Austin Rivers,1610612743,2021-22
1627822,Petr Cornelie,1627750,Jamal Murray,1610612743,2021-22
1627822,Petr Cornelie,1628427,Vlatko Čančar,1610612743,2021-22
1627822,Petr Cornelie,201145,Jeff Green,1610612743,2021-22
1627822,Petr Cornelie,203932,Aaron Gordon,1610612743,2021-22
1526,James Cotton,178,Olden Polynice,1610612760,1998-99
1526,James Cotton,1735,Vladimir Stepania,1610612760,1998-99
1526,James Cotton,1740,Rashard Lewis,1610612760,1998-99
1526,James Cotton,96,Detlef Schrempf,1610612760,1998-99
1526,James Cotton,1003,Drew Barry,1610612760,1998-99
1526,James Cotton,1425,Aaron Williams,1610612760,1998-99
1526,James Cotton,56,Gary Payton,1610612760,1998-99
1526,James Cotton,180,John Crotty,1610612760,1998-99
1526,James Cotton,931,Don MacLean,1610612760,1998-99
1526,James Cotton,765,Hersey Hawkins,1610612760,1998-99
1526,James Cotton,1741,Jelani McCoy,1610612760,1998-99
1526,James Cotton,452,Vin Baker,1610612760,1998-99
1526,James Cotton,21,Greg Anthony,1610612760,1997-98
1526,James Cotton,760,Jerome Kersey,1610612760,1997-98
1526,James Cotton,107,Dale Ellis,1610612760,1997-98
1526,James Cotton,203,Nate McMillan,1610612760,1997-98
1526,James Cotton,96,Detlef Schrempf,1610612760,1997-98
1526,James Cotton,64,Sam Perkins,1610612760,1997-98
1526,James Cotton,1425,Aaron Williams,1610612760,1997-98
1526,James Cotton,56,Gary Payton,1610612760,1997-98
1526,James Cotton,29,Jim McIlvaine,1610612760,1997-98
1526,James Cotton,765,Hersey Hawkins,1610612760,1997-98
1526,James Cotton,452,Vin Baker,1610612760,1997-98
1642385,Cui Cui,1641727,Dariq Whitehead,1610612751,2024-25
1642385,Cui Cui,1626156,D'Angelo Russell,1610612751,2024-25
1642385,Cui Cui,1629661,Cameron Johnson,1610612751,2024-25
1642385,Cui Cui,1641736,Reece Beekman,1610612751,2024-25
1642385,Cui Cui,1630533,Ziaire Williams,1610612751,2024-25
1642385,Cui Cui,1630570,Trendon Watford,1610612751,2024-25
1642385,Cui Cui,1630623,Tyson Etienne,1610612751,2024-25
1642385,Cui Cui,1641787,Tosan Evbuomwan,1610612751,2024-25
1642385,Cui Cui,1631213,Tyrese Martin,1610612751,2024-25
1642385,Cui Cui,1629001,De'Anthony Melton,1610612751,2024-25
1642385,Cui Cui,1630549,Day'Ron Sharpe,1610612751,2024-25
1642385,Cui Cui,1641730,Noah Clowney,1610612751,2024-25
1642385,Cui Cui,1630592,Jalen Wilson,1610612751,2024-25
1642385,Cui Cui,1630560,Cam Thomas,1610612751,2024-25
1642385,Cui Cui,1631166,Drew Timme,1610612751,2024-25
1642385,Cui Cui,1641721,Maxwell Lewis,1610612751,2024-25
1642385,Cui Cui,1629651,Nic Claxton,1610612751,2024-25
1642385,Cui Cui,1630553,Keon Johnson,1610612751,2024-25
1629600,Jarron Cumberland,203081,Damian Lillard,1610612757,2021-22
1629600,Jarron Cumberland,204060,Joe Ingles,1610612757,2021-22
1629600,Jarron Cumberland,1629014,Anfernee Simons,1610612757,2021-22
1629600,Jarron Cumberland,1630570,Trendon Watford,1610612757,2021-22
1629600,Jarron Cumberland,1630535,Greg Brown III,1610612757,2021-22
1629600,Jarron Cumberland,202339,Eric Bledsoe,1610612757,2021-22
1629600,Jarron Cumberland,1630553,Keon Johnson,1610612757,2021-22
1629600,Jarron Cumberland,1630314,Brandon Williams,1610612757,2021-22
1629600,Jarron Cumberland,1629642,Nassir Little,1610612757,2021-22
1629600,Jarron Cumberland,1628404,Josh Hart,1610612757,2021-22
1629600,Jarron Cumberland,1629604,CJ Elleby,1610612757,2021-22
1629600,Jarron Cumberland,1630190,Elijah Hughes,1610612757,2021-22
1629600,Jarron Cumberland,1629833,Keljin Blevins,1610612757,2021-22
1629600,Jarron Cumberland,203463,Ben McLemore,1610612757,2021-22
1629600,Jarron Cumberland,1626159,Justise Winslow,1610612757,2021-22
1629600,Jarron Cumberland,203994,Jusuf Nurkić,1610612757,2021-22
1629600,Jarron Cumberland,1629712,Didi Louzada,1610612757,2021-22
989,Ben Davis,358,Anfernee Hardaway,1610612756,1999-00
989,Ben Davis,988,Randy Livingston,1610612756,1999-00
989,Ben Davis,134,Kevin Johnson,1610612756,1999-00
989,Ben Davis,932,Oliver Miller,1610612756,1999-00
989,Ben Davis,103,Todd Day,1610612756,1999-00
989,Ben Davis,1753,Toby Bailey,1610612756,1999-00
989,Ben Davis,26,Luc Longley,1610612756,1999-00
989,Ben Davis,361,Clifford Robinson,1610612756,1999-00
989,Ben Davis,1890,Shawn Marion,1610612756,1999-00
989,Ben Davis,467,Jason Kidd,1610612756,1999-00
989,Ben Davis,916,Corie Blount,1610612756,1999-00
989,Ben Davis,915,Rodney Rogers,1610612756,1999-00
989,Ben Davis,164,Chris Childs,1610612752,1998-99
989,Ben Davis,913,Larry Johnson,1610612752,1998-99
989,Ben Davis,84,Latrell Sprewell,1610612752,1998-99
989,Ben Davis,1594,Rick Brunson,1610612752,1998-99
989,Ben Davis,201,Chris Dudley,1610612752,1998-99
989,Ben Davis,275,Allan Houston,1610612752,1998-99
989,Ben Davis,369,Charlie Ward,1610612752,1998-99
989,Ben Davis,948,Marcus Camby,1610612752,1998-99
989,Ben Davis,766,David Wingate,1610612752,1998-99
989,Ben Davis,1006,Herb Williams,1610612752,1998-99
989,Ben Davis,121,Patrick Ewing,1610612752,1998-99
989,Ben Davis,703,Kurt Thomas,1610612752,1998-99
989,Ben Davis,164,Chris Childs,1610612752,1997-98
989,Ben Davis,913,Larry Johnson,1610612752,1997-98
989,Ben Davis,317,John Starks,1610612752,1997-98
989,Ben Davis,194,Anthony Bowie,1610612752,1997-98
989,Ben Davis,201,Chris Dudley,1610612752,1997-98
989,Ben Davis,275,Allan Houston,1610612752,1997-98
989,Ben Davis,369,Charlie Ward,1610612752,1997-98
989,Ben Davis,121,Patrick Ewing,1610612752,1997-98
989,Ben Davis,891,Charles Oakley,1610612752,1997-98
989,Ben Davis,187,Terry Cummings,1610612752,1997-98
989,Ben Davis,168,Chris Mills,1610612752,1997-98
989,Ben Davis,433,Buck Williams,1610612752,1997-98
989,Ben Davis,76,Cedric Ceballos,1610612756,1996-97
989,Ben Davis,95,Mark Bryant,1610612756,1996-97
989,Ben Davis,364,Rex Chapman,1610612756,1996-97
989,Ben Davis,134,Kevin Johnson,1610612756,1996-97
989,Ben Davis,445,Wesley Person,1610612756,1996-97
989,Ben Davis,959,Steve Nash,1610612756,1996-97
989,Ben Davis,330,Danny Manning,1610612756,1996-97
989,Ben Davis,73,Hot Rod Williams,1610612756,1996-97
989,Ben Davis,47,Wayman Tisdale,1610612756,1996-97
989,Ben Davis,467,Jason Kidd,1610612756,1996-97
989,Ben Davis,684,Loren Meyer,1610612756,1996-97
989,Ben Davis,1479,Mike Brown,1610612756,1996-97
1629093,Tyler Davis,201566,Russell Westbrook,1610612760,2018-19
1629093,Tyler Davis,101109,Raymond Felton,1610612760,2018-19
1629093,Tyler Davis,203457,Nerlens Noel,1610612760,2018-19
1629093,Tyler Davis,202693,Markieff Morris,1610612760,2018-19
1629093,Tyler Davis,1628977,Hamidou Diallo,1610612760,2018-19
1629093,Tyler Davis,1628393,Jawun Evans,1610612760,2018-19
1629093,Tyler Davis,203924,Jerami Grant,1610612760,2018-19
1629093,Tyler Davis,1627846,Abdel Nader,1610612760,2018-19
1629093,Tyler Davis,203500,Steven Adams,1610612760,2018-19
1629093,Tyler Davis,202331,Paul George,1610612760,2018-19
1629093,Tyler Davis,1629055,Donte Grantham,1610612760,2018-19
1629093,Tyler Davis,203471,Dennis Schröder,1610612760,2018-19
1629093,Tyler Davis,203460,Andre Roberson,1610612760,2018-19
1629093,Tyler Davis,1628390,Terrance Ferguson,1610612760,2018-19
1629093,Tyler Davis,1629126,Deonte Burton,1610612760,2018-19
1629093,Tyler Davis,202335,Patrick Patterson,1610612760,2018-19
203958,Andre Dawkins,2547,Chris Bosh,1610612748,2014-15
203958,Andre Dawkins,2548,Dwyane Wade,1610612748,2014-15
203958,Andre Dawkins,201177,Josh McRoberts,1610612748,2014-15
203958,Andre Dawkins,201611,Henry Walker,1610612748,2014-15
203958,Andre Dawkins,201609,Goran Dragic,1610612748,2014-15
203958,Andre Dawkins,204020,Tyler Johnson,1610612748,2014-15
203958,Andre Dawkins,2736,Luol Deng,1610612748,2014-15
203958,Andre Dawkins,2365,Chris Andersen,1610612748,2014-15
203958,Andre Dawkins,204054,Zoran Dragic,1610612748,2014-15
203958,Andre Dawkins,203894,Shabazz Napier,1610612748,2014-15
203958,Andre Dawkins,201596,Mario Chalmers,1610612748,2014-15
203958,Andre Dawkins,202355,Hassan Whiteside,1610612748,2014-15
203958,Andre Dawkins,201563,Michael Beasley,1610612748,2014-15
203958,Andre Dawkins,203516,James Ennis III,1610612748,2014-15
203958,Andre Dawkins,2617,Udonis Haslem,1610612748,2014-15
201286,Eric Dawson,202695,Kawhi Leonard,1610612759,2011-12
201286,Eric Dawson,1536,Stephen Jackson,1610612759,2011-12
201286,Eric Dawson,201980,Danny Green,1610612759,2011-12
201286,Eric Dawson,202709,Cory Joseph,1610612759,2011-12
201286,Eric Dawson,201988,Patty Mills,1610612759,2011-12
201286,Eric Dawson,2225,Tony Parker,1610612759,2011-12
201286,Eric Dawson,202390,Gary Neal,1610612759,2011-12
201286,Eric Dawson,2588,Matt Bonner,1610612759,2011-12
201286,Eric Dawson,1938,Manu Ginobili,1610612759,2011-12
201286,Eric Dawson,1495,Tim Duncan,1610612759,2011-12
201286,Eric Dawson,201168,Tiago Splitter,1610612759,2011-12
201286,Eric Dawson,202341,James Anderson,1610612759,2011-12
201286,Eric Dawson,2564,Boris Diaw,1610612759,2011-12
201286,Eric Dawson,201182,Derrick Byars,1610612759,2011-12
201286,Eric Dawson,201971,DeJuan Blair,1610612759,2011-12
1629602,Javin DeLaurier,201588,George Hill,1610612749,2021-22
1629602,Javin DeLaurier,1628975,Jevon Carter,1610612749,2021-22
1629602,Javin DeLaurier,1630492,Luca Vildoza,1610612749,2021-22
1629602,Javin DeLaurier,1628960,Grayson Allen,1610612749,2021-22
1629602,Javin DeLaurier,1626171,Bobby Portis,1610612749,2021-22
1629602,Javin DeLaurier,201572,Brook Lopez,1610612749,2021-22
1629602,Javin DeLaurier,1629670,Jordan Nwora,1610612749,2021-22
1629602,Javin DeLaurier,201950,Jrue Holiday,1610612749,2021-22
1629602,Javin DeLaurier,203114,Khris Middleton,1610612749,2021-22
1629602,Javin DeLaurier,202083,Wesley Matthews,1610612749,2021-22
1629602,Javin DeLaurier,1626192,Pat Connaughton,1610612749,2021-22
1629602,Javin DeLaurier,201586,Serge Ibaka,1610612749,2021-22
1629602,Javin DeLaurier,1629623,Lindell Wigginton,1610612749,2021-22
1629602,Javin DeLaurier,203507,Giannis Antetokounmpo,1610612749,2021-22
1629602,Javin DeLaurier,203648,Thanasis Antetokounmpo,1610612749,2021-22
1629602,Javin DeLaurier,1630572,Sandro Mamukelashvili,1610612749,2021-22
1629602,Javin DeLaurier,1629730,Rayjon Tucker,1610612749,2021-22
1626214,Bryce Dejean-Jones,201936,Tyreke Evans,1610612740,2015-16
1626214,Bryce Dejean-Jones,204025,Tim Frazier,1610612740,2015-16
1626214,Bryce Dejean-Jones,201600,Omer Asik,1610612740,2015-16
1626214,Bryce Dejean-Jones,203516,James Ennis III,1610612740,2015-16
1626214,Bryce Dejean-Jones,2570,Kendrick Perkins,1610612740,2015-16
1626214,Bryce Dejean-Jones,202337,Luke Babbitt,1610612740,2015-16
1626214,Bryce Dejean-Jones,201569,Eric Gordon,1610612740,2015-16
1626214,Bryce Dejean-Jones,201950,Jrue Holiday,1610612740,2015-16
1626214,Bryce Dejean-Jones,202087,Alonzo Gee,1610612740,2015-16
1626214,Bryce Dejean-Jones,201962,Toney Douglas,1610612740,2015-16
1626214,Bryce Dejean-Jones,202347,Quincy Pondexter,1610612740,2015-16
1626214,Bryce Dejean-Jones,203076,Anthony Davis,1610612740,2015-16
1626214,Bryce Dejean-Jones,202706,Jordan Hamilton,1610612740,2015-16
1626214,Bryce Dejean-Jones,202708,Norris Cole,1610612740,2015-16
1626214,Bryce Dejean-Jones,201583,Ryan Anderson,1610612740,2015-16
1626214,Bryce Dejean-Jones,201582,Alexis Ajinca,1610612740,2015-16
1626214,Bryce Dejean-Jones,201967,Dante Cunningham,1610612740,2015-16
1641926,Dexter Dennis,203957,Danté Exum,1610612742,2023-24
1641926,Dexter Dennis,1630314,Brandon Williams,1610612742,2023-24
1641926,Dexter Dennis,1630702,Jaden Hardy,1610612742,2023-24
1641926,Dexter Dennis,1641726,Dereck Lively II,1610612742,2023-24
1641926,Dexter Dennis,203939,Dwight Powell,1610612742,2023-24
1641926,Dexter Dennis,1630182,Josh Green,1610612742,2023-24
1641926,Dexter Dennis,1630639,A.J. Lawson,1610612742,2023-24
1641926,Dexter Dennis,203501,Tim Hardaway Jr.,1610612742,2023-24
1641926,Dexter Dennis,202681,Kyrie Irving,1610612742,2023-24
1641926,Dexter Dennis,1641788,Alex Fudge,1610612742,2023-24
1641926,Dexter Dennis,1641765,Olivier-Maxence Prosper,1610612742,2023-24
1641926,Dexter Dennis,1629655,Daniel Gafford,1610612742,2023-24
1641926,Dexter Dennis,1629023,P.J. Washington,1610612742,2023-24
1641926,Dexter Dennis,1630535,Greg Brown III,1610612742,2023-24
1641926,Dexter Dennis,1628467,Maxi Kleber,1610612742,2023-24
1641926,Dexter Dennis,1627884,Derrick Jones Jr.,1610612742,2023-24
1641926,Dexter Dennis,1629029,Luka Dončić,1610612742,2023-24
1641926,Dexter Dennis,202693,Markieff Morris,1610612742,2023-24
202458,Justin Dentmon,1890,Shawn Marion,1610612742,2012-13
202458,Justin Dentmon,203099,Jared Cunningham,1610612742,2012-13
202458,Justin Dentmon,201958,Rodrigue Beaubois,1610612742,2012-13
202458,Justin Dentmon,201954,Darren Collison,1610612742,2012-13
202458,Justin Dentmon,203108,Bernard James,1610612742,2012-13
202458,Justin Dentmon,203109,Jae Crowder,1610612742,2012-13
202458,Justin Dentmon,203006,Josh Akognon,1610612742,2012-13
202458,Justin Dentmon,2229,Mike James,1610612742,2012-13
202458,Justin Dentmon,201627,Anthony Morrow,1610612742,2012-13
202458,Justin Dentmon,1713,Vince Carter,1610612742,2012-13
202458,Justin Dentmon,201564,O.J. Mayo,1610612742,2012-13
202458,Justin Dentmon,201148,Brandan Wright,1610612742,2012-13
202458,Justin Dentmon,2549,Chris Kaman,1610612742,2012-13
202458,Justin Dentmon,1717,Dirk Nowitzki,1610612742,2012-13
202458,Justin Dentmon,1882,Elton Brand,1610612742,2012-13
202458,Justin Dentmon,201949,James Johnson,1610612761,2011-12
202458,Justin Dentmon,201814,Gary Forbes,1610612761,2011-12
202458,Justin Dentmon,201573,Jerryd Bayless,1610612761,2011-12
202458,Justin Dentmon,101187,Alan Anderson,1610612761,2011-12
202458,Justin Dentmon,200745,Andrea Bargnani,1610612761,2011-12
202458,Justin Dentmon,101181,Jose Calderon,1610612761,2011-12
202458,Justin Dentmon,201942,DeMar DeRozan,1610612761,2011-12
202458,Justin Dentmon,101132,Linas Kleiza,1610612761,2011-12
202458,Justin Dentmon,101161,Amir Johnson,1610612761,2011-12
202458,Justin Dentmon,202386,Ben Uzoh,1610612761,2011-12
202458,Justin Dentmon,2048,Jamaal Magloire,1610612761,2011-12
202458,Justin Dentmon,202334,Ed Davis,1610612761,2011-12
202458,Justin Dentmon,201189,Aaron Gray,1610612761,2011-12
202458,Justin Dentmon,202374,Solomon Alabi,1610612761,2011-12
202458,Justin Dentmon,202695,Kawhi Leonard,1610612759,2011-12
202458,Justin Dentmon,1536,Stephen Jackson,1610612759,2011-12
202458,Justin Dentmon,201980,Danny Green,1610612759,2011-12
202458,Justin Dentmon,202709,Cory Joseph,1610612759,2011-12
202458,Justin Dentmon,201988,Patty Mills,1610612759,2011-12
202458,Justin Dentmon,2225,Tony Parker,1610612759,2011-12
202458,Justin Dentmon,202390,Gary Neal,1610612759,2011-12
202458,Justin Dentmon,2588,Matt Bonner,1610612759,2011-12
202458,Justin Dentmon,1938,Manu Ginobili,1610612759,2011-12
202458,Justin Dentmon,1495,Tim Duncan,1610612759,2011-12
202458,Justin Dentmon,201168,Tiago Splitter,1610612759,2011-12
202458,Justin Dentmon,202341,James Anderson,1610612759,2011-12
202458,Justin Dentmon,2564,Boris Diaw,1610612759,2011-12
202458,Justin Dentmon,201182,Derrick Byars,1610612759,2011-12
202458,Justin Dentmon,201971,DeJuan Blair,1610612759,2011-12
2079,Kaniel Dickens,200789,Daniel Gibson,1610612739,2007-08
2079,Kaniel Dickens,2562,Sasha Pavlovic,1610612739,2007-08
2079,Kaniel Dickens,1112,Ben Wallace,1610612739,2007-08
2079,Kaniel Dickens,1887,Wally Szczerbiak,1610612739,2007-08
2079,Kaniel Dickens,980,Zydrunas Ilgauskas,1610612739,2007-08
2079,Kaniel Dickens,2873,Billy Thomas,1610612739,2007-08
2079,Kaniel Dickens,2753,Delonte West,1610612739,2007-08
2079,Kaniel Dickens,2760,Anderson Varejao,1610612739,2007-08
2079,Kaniel Dickens,1800,Damon Jones,1610612739,2007-08
2079,Kaniel Dickens,727,Eric Snow,1610612739,2007-08
2079,Kaniel Dickens,2544,LeBron James,1610612739,2007-08
2079,Kaniel Dickens,101204,Dwayne Jones,1610612739,2007-08
2079,Kaniel Dickens,693,Joe Smith,1610612739,2007-08
2079,Kaniel Dickens,2484,Devin Brown,1610612739,2007-08
2079,Kaniel Dickens,200984,Lance Allred,1610612739,2007-08
2079,Kaniel Dickens,1934,Rodney Buford,1610612751,2004-05
2079,Kaniel Dickens,467,Jason Kidd,1610612751,2004-05
2079,Kaniel Dickens,696,Travis Best,1610612751,2004-05
2079,Kaniel Dickens,2565,Zoran Planinic,1610612751,2004-05
2079,Kaniel Dickens,1521,Jacque Vaughn,1610612751,2004-05
2079,Kaniel Dickens,2420,Nenad Krstic,1610612751,2004-05
2079,Kaniel Dickens,1713,Vince Carter,1610612751,2004-05
2079,Kaniel Dickens,2873,Billy Thomas,1610612751,2004-05
2079,Kaniel Dickens,2243,Brian Scalabrine,1610612751,2004-05
2079,Kaniel Dickens,2210,Richard Jefferson,1610612751,2004-05
2079,Kaniel Dickens,361,Clifford Robinson,1610612751,2004-05
2079,Kaniel Dickens,2215,Jason Collins,1610612751,2004-05
2079,Kaniel Dickens,2074,Jabari Smith,1610612751,2004-05
2079,Kaniel Dickens,1507,Derek Anderson,1610612757,2003-04
2079,Kaniel Dickens,757,Damon Stoudamire,1610612757,2003-04
2079,Kaniel Dickens,2109,Eddie Gill,1610612757,2003-04
2079,Kaniel Dickens,2724,Desmond Ferguson,1610612757,2003-04
2079,Kaniel Dickens,2424,Dan Dickau,1610612757,2003-04
2079,Kaniel Dickens,2241,Omar Cook,1610612757,2003-04
2079,Kaniel Dickens,1735,Vladimir Stepania,1610612757,2003-04
2079,Kaniel Dickens,1739,Ruben Patterson,1610612757,2003-04
2079,Kaniel Dickens,2032,Darius Miles,1610612757,2003-04
2079,Kaniel Dickens,2417,Qyntel Woods,1610612757,2003-04
2079,Kaniel Dickens,2566,Travis Outlaw,1610612757,2003-04
2079,Kaniel Dickens,949,Shareef Abdur-Rahim,1610612757,2003-04
2079,Kaniel Dickens,905,Dale Davis,1610612757,2003-04
2079,Kaniel Dickens,689,Theo Ratliff,1610612757,2003-04
2079,Kaniel Dickens,2216,Zach Randolph,1610612757,2003-04
1059,Aleksandar Djordjevic,278,Stacey Augmon,1610612757,1996-97
1059,Aleksandar Djordjevic,361,Clifford Robinson,1610612757,1996-97
1059,Aleksandar Djordjevic,979,Jermaine O'Neal,1610612757,1996-97
1059,Aleksandar Djordjevic,348,Mitchell Butler,1610612757,1996-97
1059,Aleksandar Djordjevic,72,Kenny Anderson,1610612757,1996-97
1059,Aleksandar Djordjevic,112,Dontonio Wingfield,1610612757,1996-97
1059,Aleksandar Djordjevic,717,Arvydas Sabonis,1610612757,1996-97
1059,Aleksandar Djordjevic,716,Rumeal Robinson,1610612757,1996-97
1059,Aleksandar Djordjevic,201,Chris Dudley,1610612757,1996-97
1059,Aleksandar Djordjevic,739,Rasheed Wallace,1610612757,1996-97
1059,Aleksandar Djordjevic,718,Gary Trent,1610612757,1996-97
1059,Aleksandar Djordjevic,375,Isaiah Rider,1610612757,1996-97
1630693,Jaime Echenique,203484,Kentavious Caldwell-Pope,1610612764,2021-22
1630693,Jaime Echenique,203078,Bradley Beal,1610612764,2021-22
1630693,Jaime Echenique,202397,Ish Smith,1610612764,2021-22
1630693,Jaime Echenique,1630216,Cassius Winston,1610612764,2021-22
1630693,Jaime Echenique,204001,Kristaps Porziņģis,1610612764,2021-22
1630693,Jaime Echenique,1629060,Rui Hachimura,1610612764,2021-22
1630693,Jaime Echenique,1630166,Deni Avdija,1610612764,2021-22
1630693,Jaime Echenique,1628418,Thomas Bryant,1610612764,2021-22
1630693,Jaime Echenique,1630225,Isaiah Todd,1610612764,2021-22
1630693,Jaime Echenique,1630264,Anthony Gill,1610612764,2021-22
1630693,Jaime Echenique,203526,Raul Neto,1610612764,2021-22
1630693,Jaime Echenique,1630648,Jordan Schakel,1610612764,2021-22
1630693,Jaime Echenique,1629655,Daniel Gafford,1610612764,2021-22
1630693,Jaime Echenique,1630176,Vernon Carey Jr.,1610612764,2021-22
1630693,Jaime Echenique,1630557,Corey Kispert,1610612764,2021-22
1630693,Jaime Echenique,203107,Tomas Satoransky,1610612764,2021-22
1630693,Jaime Echenique,1628398,Kyle Kuzma,1610612764,2021-22
1630306,Rob Edwards,1628983,Shai Gilgeous-Alexander,1610612760,2021-22
1630306,Rob Edwards,1630581,Josh Giddey,1610612760,2021-22
1630306,Rob Edwards,1629652,Luguentz Dort,1610612760,2021-22
1630306,Rob Edwards,1628982,Melvin Frazier Jr.,1610612760,2021-22
1630306,Rob Edwards,1629647,Darius Bazley,1610612760,2021-22
1630306,Rob Edwards,1630177,Theo Maledon,1610612760,2021-22
1630306,Rob Edwards,1630322,Lindy Waters III,1610612760,2021-22
1630306,Rob Edwards,202324,Derrick Favors,1610612760,2021-22
1630306,Rob Edwards,1629660,Ty Jerome,1610612760,2021-22
1630306,Rob Edwards,1630197,Aleksej Pokusevski,1610612760,2021-22
1630306,Rob Edwards,1630598,Aaron Wiggins,1610612760,2021-22
1630306,Rob Edwards,1629676,Isaiah Roby,1610612760,2021-22
1630306,Rob Edwards,1630544,Tre Mann,1610612760,2021-22
1630306,Rob Edwards,1630249,Vít Krejčí,1610612760,2021-22
1630306,Rob Edwards,203488,Mike Muscala,1610612760,2021-22
1630306,Rob Edwards,1629026,Kenrich Williams,1610612760,2021-22
1630306,Rob Edwards,1630526,Jeremiah Robinson-Earl,1610612760,2021-22
202197,Shane Edwards,101139,CJ Miles,1610612739,2013-14
202197,Shane Edwards,101127,Jarrett Jack,1610612739,2013-14
202197,Shane Edwards,202681,Kyrie Irving,1610612739,2013-14
202197,Shane Edwards,203079,Dion Waiters,1610612739,2013-14
202197,Shane Edwards,203521,Matthew Dellavedova,1610612739,2013-14
202197,Shane Edwards,2736,Luol Deng,1610612739,2013-14
202197,Shane Edwards,203508,Sergey Karasev,1610612739,2013-14
202197,Shane Edwards,202684,Tristan Thompson,1610612739,2013-14
202197,Shane Edwards,203461,Anthony Bennett,1610612739,2013-14
202197,Shane Edwards,2760,Anderson Varejao,1610612739,2013-14
202197,Shane Edwards,203816,Scotty Hopson,1610612739,2013-14
202197,Shane Edwards,203467,Carrick Felix,1610612739,2013-14
202197,Shane Edwards,201150,Spencer Hawes,1610612739,2013-14
202197,Shane Edwards,202087,Alonzo Gee,1610612739,2013-14
202197,Shane Edwards,203092,Tyler Zeller,1610612739,2013-14
2765,Andre Emmett,202178,Sundiata Gaines,1610612751,2011-12
2765,Andre Emmett,200770,Jordan Farmar,1610612751,2011-12
2765,Andre Emmett,202356,Armon Johnson,1610612751,2011-12
2765,Andre Emmett,101114,Deron Williams,1610612751,2011-12
2765,Andre Emmett,202705,MarShon Brooks,1610612751,2011-12
2765,Andre Emmett,202345,Damion James,1610612751,2011-12
2765,Andre Emmett,201572,Brook Lopez,1610612751,2011-12
2765,Andre Emmett,101123,Gerald Green,1610612751,2011-12
2765,Andre Emmett,202716,Jordan Williams,1610612751,2011-12
2765,Andre Emmett,201627,Anthony Morrow,1610612751,2011-12
2765,Andre Emmett,101130,Johan Petro,1610612751,2011-12
2765,Andre Emmett,200749,Shelden Williams,1610612751,2011-12
2765,Andre Emmett,2743,Kris Humphries,1610612751,2011-12
2765,Andre Emmett,2222,Gerald Wallace,1610612751,2011-12
2765,Andre Emmett,2052,DeShawn Stevenson,1610612751,2011-12
2765,Andre Emmett,2766,Antonio Burks,1610612763,2004-05
2765,Andre Emmett,1715,Jason Williams,1610612763,2004-05
2765,Andre Emmett,2031,Stromile Swift,1610612763,2004-05
2765,Andre Emmett,1719,Bonzi Wells,1610612763,2004-05
2765,Andre Emmett,2200,Pau Gasol,1610612763,2004-05
2765,Andre Emmett,2248,Earl Watson,1610612763,2004-05
2765,Andre Emmett,2563,Dahntay Jones,1610612763,2004-05
2765,Andre Emmett,2203,Shane Battier,1610612763,2004-05
2765,Andre Emmett,2034,Mike Miller,1610612763,2004-05
2765,Andre Emmett,2073,Brian Cardinal,1610612763,2004-05
2765,Andre Emmett,1899,James Posey,1610612763,2004-05
2765,Andre Emmett,953,Lorenzen Wright,1610612763,2004-05
2824,Desmon Farmer,201173,Marcus Williams,1610612759,2008-09
2824,Desmon Farmer,201588,George Hill,1610612759,2008-09
2824,Desmon Farmer,714,Michael Finley,1610612759,2008-09
2824,Desmon Farmer,2137,Ime Udoka,1610612759,2008-09
2824,Desmon Farmer,101177,Fabricio Oberto,1610612759,2008-09
2824,Desmon Farmer,2427,Roger Mason Jr.,1610612759,2008-09
2824,Desmon Farmer,2225,Tony Parker,1610612759,2008-09
2824,Desmon Farmer,1521,Jacque Vaughn,1610612759,2008-09
2824,Desmon Farmer,1477,Bruce Bowen,1610612759,2008-09
2824,Desmon Farmer,2588,Matt Bonner,1610612759,2008-09
2824,Desmon Farmer,1938,Manu Ginobili,1610612759,2008-09
2824,Desmon Farmer,1495,Tim Duncan,1610612759,2008-09
2824,Desmon Farmer,101133,Ian Mahinmi,1610612759,2008-09
2824,Desmon Farmer,703,Kurt Thomas,1610612759,2008-09
2824,Desmon Farmer,2400,Drew Gooden,1610612759,2008-09
2824,Desmon Farmer,2555,Nick Collison,1610612760,2006-07
2824,Desmon Farmer,1740,Rashard Lewis,1610612760,2006-07
2824,Desmon Farmer,2557,Luke Ridnour,1610612760,2006-07
2824,Desmon Farmer,2863,Damien Wilkins,1610612760,2006-07
2824,Desmon Farmer,988,Randy Livingston,1610612760,2006-07
2824,Desmon Farmer,101153,Mickael Gelabale,1610612760,2006-07
2824,Desmon Farmer,200754,Mouhamed Sene,1610612760,2006-07
2824,Desmon Farmer,1504,Danny Fortson,1610612760,2006-07
2824,Desmon Farmer,2248,Earl Watson,1610612760,2006-07
2824,Desmon Farmer,101130,Johan Petro,1610612760,2006-07
2824,Desmon Farmer,2366,Mike Wilks,1610612760,2006-07
2824,Desmon Farmer,2741,Robert Swift,1610612760,2006-07
2824,Desmon Farmer,951,Ray Allen,1610612760,2006-07
2824,Desmon Farmer,2810,Andre Brown,1610612760,2006-07
2824,Desmon Farmer,2404,Chris Wilcox,1610612760,2006-07
2809,Gerald Fitch,2748,Dorell Wright,1610612748,2005-06
2809,Gerald Fitch,2548,Dwyane Wade,1610612748,2005-06
2809,Gerald Fitch,1507,Derek Anderson,1610612748,2005-06
2809,Gerald Fitch,952,Antoine Walker,1610612748,2005-06
2809,Gerald Fitch,56,Gary Payton,1610612748,2005-06
2809,Gerald Fitch,2574,Jason Kapono,1610612748,2005-06
2809,Gerald Fitch,101134,Wayne Simien,1610612748,2005-06
2809,Gerald Fitch,406,Shaquille O'Neal,1610612748,2005-06
2809,Gerald Fitch,297,Alonzo Mourning,1610612748,2005-06
2809,Gerald Fitch,2617,Udonis Haslem,1610612748,2005-06
2809,Gerald Fitch,1899,James Posey,1610612748,2005-06
2809,Gerald Fitch,1000,Shandon Anderson,1610612748,2005-06
2809,Gerald Fitch,1720,Michael Doleac,1610612748,2005-06
2809,Gerald Fitch,1715,Jason Williams,1610612748,2005-06
1829,Ike Fontaine,2226,Will Solomon,1610612763,2001-02
1829,Ike Fontaine,1715,Jason Williams,1610612763,2001-02
1829,Ike Fontaine,2031,Stromile Swift,1610612763,2001-02
1829,Ike Fontaine,2238,Antonis Fotsis,1610612763,2001-02
1829,Ike Fontaine,2109,Eddie Gill,1610612763,2001-02
1829,Ike Fontaine,2200,Pau Gasol,1610612763,2001-02
1829,Ike Fontaine,1510,Brevin Knight,1610612763,2001-02
1829,Ike Fontaine,2203,Shane Battier,1610612763,2001-02
1829,Ike Fontaine,1934,Rodney Buford,1610612763,2001-02
1829,Ike Fontaine,953,Lorenzen Wright,1610612763,2001-02
1829,Ike Fontaine,3,Grant Long,1610612763,2001-02
1829,Ike Fontaine,763,Tony Massenburg,1610612763,2001-02
202880,Jeff Foote,202329,Al-Farouq Aminu,1610612740,2011-12
202880,Jeff Foote,2772,Trevor Ariza,1610612740,2011-12
202880,Jeff Foote,101127,Jarrett Jack,1610612740,2011-12
202880,Jeff Foote,202333,Xavier Henry,1610612740,2011-12
202880,Jeff Foote,201158,Marco Belinelli,1610612740,2011-12
202880,Jeff Foote,201569,Eric Gordon,1610612740,2011-12
202880,Jeff Foote,202406,Jerome Dyson,1610612740,2011-12
202880,Jeff Foote,201160,Jason Smith,1610612740,2011-12
202880,Jeff Foote,202970,Gustavo Ayon,1610612740,2011-12
202880,Jeff Foote,202349,Greivis Vasquez,1610612740,2011-12
202880,Jeff Foote,201171,Carl Landry,1610612740,2011-12
202880,Jeff Foote,201208,Darryl Watkins,1610612740,2011-12
202880,Jeff Foote,2549,Chris Kaman,1610612740,2011-12
202880,Jeff Foote,202498,Lance Thomas,1610612740,2011-12
202880,Jeff Foote,2731,Emeka Okafor,1610612740,2011-12
1630758,Aleem Ford,1628371,Jonathan Isaac,1610612753,2021-22
1630758,Aleem Ford,1629643,Chuma Okeke,1610612753,2021-22
1630758,Aleem Ford,1630591,Jalen Suggs,1610612753,2021-22
1630758,Aleem Ford,1628964,Mo Bamba,1610612753,2021-22
1630758,Aleem Ford,1629626,Bol Bol,1610612753,2021-22
1630758,Aleem Ford,1630181,R.J. Hampton,1610612753,2021-22
1630758,Aleem Ford,203914,Gary Harris,1610612753,2021-22
1630758,Aleem Ford,1629649,Ignas Brazdeikis,1610612753,2021-22
1630758,Aleem Ford,1628365,Markelle Fultz,1610612753,2021-22
1630758,Aleem Ford,1629021,Moritz Wagner,1610612753,2021-22
1630758,Aleem Ford,1630532,Franz Wagner,1610612753,2021-22
1630758,Aleem Ford,1629678,Admiral Schofield,1610612753,2021-22
1630758,Aleem Ford,1629962,Devin Cannady,1610612753,2021-22
1630758,Aleem Ford,203082,Terrence Ross,1610612753,2021-22
1630758,Aleem Ford,201577,Robin Lopez,1610612753,2021-22
1630758,Aleem Ford,1628976,Wendell Carter Jr.,1610612753,2021-22
1630758,Aleem Ford,1630175,Cole Anthony,1610612753,2021-22
101213,Sharrod Ford,1501,Tim Thomas,1610612756,2005-06
101213,Sharrod Ford,2564,Boris Diaw,1610612756,2005-06
101213,Sharrod Ford,2571,Leandro Barbosa,1610612756,2005-06
101213,Sharrod Ford,2469,Pat Burke,1610612756,2005-06
101213,Sharrod Ford,959,Steve Nash,1610612756,2005-06
101213,Sharrod Ford,2401,Nikoloz Tskitishvili,1610612756,2005-06
101213,Sharrod Ford,1952,Raja Bell,1610612756,2005-06
101213,Sharrod Ford,2592,James Jones,1610612756,2005-06
101213,Sharrod Ford,1890,Shawn Marion,1610612756,2005-06
101213,Sharrod Ford,2405,Amar'e Stoudemire,1610612756,2005-06
101213,Sharrod Ford,703,Kurt Thomas,1610612756,2005-06
101213,Sharrod Ford,2067,Eddie House,1610612756,2005-06
101213,Sharrod Ford,258,Brian Grant,1610612756,2005-06
1630701,Michael Foster Jr.,1630178,Tyrese Maxey,1610612755,2022-23
1630701,Michael Foster Jr.,201935,James Harden,1610612755,2022-23
1630701,Michael Foster Jr.,1626149,Montrezl Harrell,1610612755,2022-23
1630701,Michael Foster Jr.,1629667,Jalen McDaniels,1610612755,2022-23
1630701,Michael Foster Jr.,1629001,De'Anthony Melton,1610612755,2022-23
1630701,Michael Foster Jr.,1630644,Mac McClung,1610612755,2022-23
1630701,Michael Foster Jr.,1630531,Jaden Springer,1610612755,2022-23
1630701,Michael Foster Jr.,202699,Tobias Harris,1610612755,2022-23
1630701,Michael Foster Jr.,203473,Dewayne Dedmon,1610612755,2022-23
1630701,Michael Foster Jr.,200782,P.J. Tucker,1610612755,2022-23
1630701,Michael Foster Jr.,1629003,Shake Milton,1610612755,2022-23
1630701,Michael Foster Jr.,1627777,Georges Niang,1610612755,2022-23
1630701,Michael Foster Jr.,203954,Joel Embiid,1610612755,2022-23
1630701,Michael Foster Jr.,1629663,Louis King,1610612755,2022-23
1630701,Michael Foster Jr.,1627863,Danuel House Jr.,1610612755,2022-23
1630701,Michael Foster Jr.,1627788,Furkan Korkmaz,1610612755,2022-23
1630701,Michael Foster Jr.,1630194,Paul Reed,1610612755,2022-23
1629606,Robert Franks,1628371,Jonathan Isaac,1610612753,2020-21
1629606,Robert Franks,1629643,Chuma Okeke,1610612753,2020-21
1629606,Robert Franks,1628964,Mo Bamba,1610612753,2020-21
1629606,Robert Franks,203487,Michael Carter-Williams,1610612753,2020-21
1629606,Robert Franks,1628407,Dwayne Bacon,1610612753,2020-21
1629606,Robert Franks,203516,James Ennis III,1610612753,2020-21
1629606,Robert Franks,1630181,R.J. Hampton,1610612753,2020-21
1629606,Robert Franks,203914,Gary Harris,1610612753,2020-21
1629606,Robert Franks,1628414,Sindarius Thornwell,1610612753,2020-21
1629606,Robert Franks,1629649,Ignas Brazdeikis,1610612753,2020-21
1629606,Robert Franks,1628365,Markelle Fultz,1610612753,2020-21
1629606,Robert Franks,1629021,Moritz Wagner,1610612753,2020-21
1629606,Robert Franks,203490,Otto Porter Jr.,1610612753,2020-21
1629606,Robert Franks,1626184,Chasson Randle,1610612753,2020-21
1629606,Robert Franks,203082,Terrence Ross,1610612753,2020-21
1629606,Robert Franks,1628976,Wendell Carter Jr.,1610612753,2020-21
1629606,Robert Franks,1630175,Cole Anthony,1610612753,2020-21
2782,Matt Freije,2735,Josh Childress,1610612737,2006-07
2782,Matt Freije,2207,Joe Johnson,1610612737,2006-07
2782,Matt Freije,2098,Slava Medvedenko,1610612737,2006-07
2782,Matt Freije,2746,Josh Smith,1610612737,2006-07
2782,Matt Freije,1533,Anthony Johnson,1610612737,2006-07
2782,Matt Freije,1731,Tyronn Lue,1610612737,2006-07
2782,Matt Freije,101212,Esteban Batista,1610612737,2006-07
2782,Matt Freije,2049,Speedy Claxton,1610612737,2006-07
2782,Matt Freije,101136,Salim Stoudamire,1610612737,2006-07
2782,Matt Freije,101107,Marvin Williams,1610612737,2006-07
2782,Matt Freije,2585,Zaza Pachulia,1610612737,2006-07
2782,Matt Freije,200749,Shelden Williams,1610612737,2006-07
2782,Matt Freije,2767,Royal Ivey,1610612737,2006-07
2782,Matt Freije,953,Lorenzen Wright,1610612737,2006-07
2782,Matt Freije,200780,Solomon Jones,1610612737,2006-07
2782,Matt Freije,2424,Dan Dickau,1610612740,2004-05
2782,Matt Freije,2761,Jackson Vroman,1610612740,2004-05
2782,Matt Freije,248,George Lynch,1610612740,2004-05
2782,Matt Freije,2411,Bostjan Nachbar,1610612740,2004-05
2782,Matt Freije,2365,Chris Andersen,1610612740,2004-05
2782,Matt Freije,2573,Maciej Lampe,1610612740,2004-05
2782,Matt Freije,2048,Jamaal Magloire,1610612740,2004-05
2782,Matt Freije,2747,JR Smith,1610612740,2004-05
2782,Matt Freije,2561,David West,1610612740,2004-05
2782,Matt Freije,2418,Casey Jacobsen,1610612740,2004-05
2782,Matt Freije,1924,Lee Nailon,1610612740,2004-05
2782,Matt Freije,136,P.J. Brown,1610612740,2004-05
2673,Hiram Fuller,1536,Stephen Jackson,1610612737,2003-04
2673,Hiram Fuller,682,Bob Sura,1610612737,2003-04
2673,Hiram Fuller,1544,Chris Crawford,1610612737,2003-04
2673,Hiram Fuller,2580,Travis Hansen,1610612737,2003-04
2673,Hiram Fuller,445,Wesley Person,1610612737,2003-04
2673,Hiram Fuller,2038,Joel Przybilla,1610612737,2003-04
2673,Hiram Fuller,1521,Jacque Vaughn,1610612737,2003-04
2673,Hiram Fuller,1442,Zeljko Rebraca,1610612737,2003-04
2673,Hiram Fuller,1918,Obinna Ekezie,1610612737,2003-04
2673,Hiram Fuller,1891,Jason Terry,1610612737,2003-04
2673,Hiram Fuller,2564,Boris Diaw,1610612737,2003-04
2673,Hiram Fuller,2214,Michael Bradley,1610612737,2003-04
2673,Hiram Fuller,2055,Mamadou N'diaye,1610612737,2003-04
2673,Hiram Fuller,2044,Jason Collier,1610612737,2003-04
2673,Hiram Fuller,673,Alan Henderson,1610612737,2003-04
101184,Deng Gai,2223,Samuel Dalembert,1610612755,2005-06
101184,Deng Gai,947,Allen Iverson,1610612755,2005-06
101184,Deng Gai,185,Chris Webber,1610612755,2005-06
101184,Deng Gai,2214,Michael Bradley,1610612755,2005-06
101184,Deng Gai,2422,John Salmons,1610612755,2005-06
101184,Deng Gai,2738,Andre Iguodala,1610612755,2005-06
101184,Deng Gai,1563,Kevin Ollie,1610612755,2005-06
101184,Deng Gai,2440,Matt Barnes,1610612755,2005-06
101184,Deng Gai,101150,Lou Williams,1610612755,2005-06
101184,Deng Gai,2594,Kyle Korver,1610612755,2005-06
101184,Deng Gai,2584,Willie Green,1610612755,2005-06
101184,Deng Gai,101183,Shavlik Randolph,1610612755,2005-06
101184,Deng Gai,2212,Steven Hunter,1610612755,2005-06
2092,Ruben Garces,1612,Chris Garner,1610612744,2000-01
2092,Ruben Garces,682,Bob Sura,1610612744,2000-01
2092,Ruben Garces,2084,Chris Porter,1610612744,2000-01
2092,Ruben Garces,1907,Vonteego Cummings,1610612744,2000-01
2092,Ruben Garces,302,Mookie Blaylock,1610612744,2000-01
2092,Ruben Garces,1716,Larry Hughes,1610612744,2000-01
2092,Ruben Garces,2101,Paul McPherson,1610612744,2000-01
2092,Ruben Garces,956,Erick Dampier,1610612744,2000-01
2092,Ruben Garces,1502,Adonal Foyle,1610612744,2000-01
2092,Ruben Garces,228,Adam Keefe,1610612744,2000-01
2092,Ruben Garces,1712,Antawn Jamison,1610612744,2000-01
2092,Ruben Garces,916,Corie Blount,1610612744,2000-01
2092,Ruben Garces,1531,Marc Jackson,1610612744,2000-01
2092,Ruben Garces,960,Tony Delk,1610612756,2000-01
2092,Ruben Garces,386,Elliot Perry,1610612756,2000-01
2092,Ruben Garces,219,Vinny Del Negro,1610612756,2000-01
2092,Ruben Garces,201,Chris Dudley,1610612756,2000-01
2092,Ruben Garces,2091,Daniel Santiago,1610612756,2000-01
2092,Ruben Garces,53,Mario Elie,1610612756,2000-01
2092,Ruben Garces,339,Tom Gugliotta,1610612756,2000-01
2092,Ruben Garces,2054,Jake Tsakalidis,1610612756,2000-01
2092,Ruben Garces,361,Clifford Robinson,1610612756,2000-01
2092,Ruben Garces,1890,Shawn Marion,1610612756,2000-01
2092,Ruben Garces,467,Jason Kidd,1610612756,2000-01
2092,Ruben Garces,915,Rodney Rogers,1610612756,2000-01
1831,Marlon Garnett,962,Walter McCarty,1610612738,1998-99
1831,Marlon Garnett,1500,Ron Mercer,1610612738,1998-99
1831,Marlon Garnett,72,Kenny Anderson,1610612738,1998-99
1831,Marlon Garnett,952,Antoine Walker,1610612738,1998-99
1831,Marlon Garnett,344,Dana Barros,1610612738,1998-99
1831,Marlon Garnett,1477,Bruce Bowen,1610612738,1998-99
1831,Marlon Garnett,1800,Damon Jones,1610612738,1998-99
1831,Marlon Garnett,1718,Paul Pierce,1610612738,1998-99
1831,Marlon Garnett,1499,Tony Battie,1610612738,1998-99
1831,Marlon Garnett,35,Eric Riley,1610612738,1998-99
1831,Marlon Garnett,958,Vitaly Potapenko,1610612738,1998-99
1831,Marlon Garnett,368,Dwayne Schintzius,1610612738,1998-99
1629232,Kaiser Gates,1631220,Dereon Seabron,1610612740,2023-24
1629232,Kaiser Gates,1629627,Zion Williamson,1610612740,2023-24
1629232,Kaiser Gates,203468,CJ McCollum,1610612740,2023-24
1629232,Kaiser Gates,1630529,Herbert Jones,1610612740,2023-24
1629232,Kaiser Gates,1630230,Naji Marshall,1610612740,2023-24
1629232,Kaiser Gates,1630700,Dyson Daniels,1610612740,2023-24
1629232,Kaiser Gates,1627742,Brandon Ingram,1610612740,2023-24
1629232,Kaiser Gates,1630631,Jose Alvarado,1610612740,2023-24
1629232,Kaiser Gates,202685,Jonas Valančiūnas,1610612740,2023-24
1629232,Kaiser Gates,1626204,Larry Nance Jr.,1610612740,2023-24
1629232,Kaiser Gates,1641722,Jordan Hawkins,1610612740,2023-24
1629232,Kaiser Gates,1630530,Trey Murphy III,1610612740,2023-24
1629232,Kaiser Gates,1630604,E.J. Liddell,1610612740,2023-24
1629232,Kaiser Gates,1630792,Malcolm Hill,1610612740,2023-24
1629232,Kaiser Gates,1630346,Matt Ryan,1610612740,2023-24
1629232,Kaiser Gates,203469,Cody Zeller,1610612740,2023-24
1629232,Kaiser Gates,1630526,Jeremiah Robinson-Earl,1610612740,2023-24
201821,Trey Gilder,201589,Darrell Arthur,1610612763,2009-10
201821,Trey Gilder,201960,DeMarre Carroll,1610612763,2009-10
201821,Trey Gilder,201970,Sam Young,1610612763,2009-10
201821,Trey Gilder,200766,Marcus Williams,1610612763,2009-10
201821,Trey Gilder,200758,Ronnie Brewer,1610612763,2009-10
201821,Trey Gilder,2224,Jamaal Tinsley,1610612763,2009-10
201821,Trey Gilder,201144,Mike Conley,1610612763,2009-10
201821,Trey Gilder,201632,Hamed Haddadi,1610612763,2009-10
201821,Trey Gilder,200752,Rudy Gay,1610612763,2009-10
201821,Trey Gilder,201991,Lester Hudson,1610612763,2009-10
201821,Trey Gilder,201564,O.J. Mayo,1610612763,2009-10
201821,Trey Gilder,201188,Marc Gasol,1610612763,2009-10
201821,Trey Gilder,201934,Hasheem Thabeet,1610612763,2009-10
201821,Trey Gilder,2212,Steven Hunter,1610612763,2009-10
201821,Trey Gilder,2216,Zach Randolph,1610612763,2009-10
2601,Andreas Glyniadakis,2555,Nick Collison,1610612760,2006-07
2601,Andreas Glyniadakis,1740,Rashard Lewis,1610612760,2006-07
2601,Andreas Glyniadakis,2557,Luke Ridnour,1610612760,2006-07
2601,Andreas Glyniadakis,2863,Damien Wilkins,1610612760,2006-07
2601,Andreas Glyniadakis,988,Randy Livingston,1610612760,2006-07
2601,Andreas Glyniadakis,101153,Mickael Gelabale,1610612760,2006-07
2601,Andreas Glyniadakis,200754,Mouhamed Sene,1610612760,2006-07
2601,Andreas Glyniadakis,1504,Danny Fortson,1610612760,2006-07
2601,Andreas Glyniadakis,2248,Earl Watson,1610612760,2006-07
2601,Andreas Glyniadakis,101130,Johan Petro,1610612760,2006-07
2601,Andreas Glyniadakis,2366,Mike Wilks,1610612760,2006-07
2601,Andreas Glyniadakis,2741,Robert Swift,1610612760,2006-07
2601,Andreas Glyniadakis,951,Ray Allen,1610612760,2006-07
2601,Andreas Glyniadakis,2810,Andre Brown,1610612760,2006-07
2601,Andreas Glyniadakis,2404,Chris Wilcox,1610612760,2006-07
204079,Drew Gordon,203477,Isaiah Canaan,1610612755,2014-15
204079,Drew Gordon,203922,Glenn Robinson III,1610612755,2014-15
204079,Drew Gordon,203457,Nerlens Noel,1610612755,2014-15
204079,Drew Gordon,202397,Ish Smith,1610612755,2014-15
204079,Drew Gordon,203100,Tony Wroten,1610612755,2014-15
204079,Drew Gordon,203960,JaKarr Sampson,1610612755,2014-15
204079,Drew Gordon,201601,Luc Mbah a Moute,1610612755,2014-15
204079,Drew Gordon,203128,Furkan Aldemir,1610612755,2014-15
204079,Drew Gordon,203954,Joel Embiid,1610612755,2014-15
204079,Drew Gordon,2202,Jason Richardson,1610612755,2014-15
204079,Drew Gordon,203138,Hollis Thompson,1610612755,2014-15
204079,Drew Gordon,203496,Robert Covington,1610612755,2014-15
204079,Drew Gordon,203156,Henry Sims,1610612755,2014-15
204079,Drew Gordon,203924,Jerami Grant,1610612755,2014-15
204079,Drew Gordon,203080,Thomas Robinson,1610612755,2014-15
1629755,Hassani Gravett,1628371,Jonathan Isaac,1610612753,2021-22
1629755,Hassani Gravett,1629643,Chuma Okeke,1610612753,2021-22
1629755,Hassani Gravett,1630591,Jalen Suggs,1610612753,2021-22
1629755,Hassani Gravett,1628964,Mo Bamba,1610612753,2021-22
1629755,Hassani Gravett,1629626,Bol Bol,1610612753,2021-22
1629755,Hassani Gravett,1630181,R.J. Hampton,1610612753,2021-22
1629755,Hassani Gravett,203914,Gary Harris,1610612753,2021-22
1629755,Hassani Gravett,1629649,Ignas Brazdeikis,1610612753,2021-22
1629755,Hassani Gravett,1628365,Markelle Fultz,1610612753,2021-22
1629755,Hassani Gravett,1629021,Moritz Wagner,1610612753,2021-22
1629755,Hassani Gravett,1630532,Franz Wagner,1610612753,2021-22
1629755,Hassani Gravett,1629678,Admiral Schofield,1610612753,2021-22
1629755,Hassani Gravett,1629962,Devin Cannady,1610612753,2021-22
1629755,Hassani Gravett,203082,Terrence Ross,1610612753,2021-22
1629755,Hassani Gravett,201577,Robin Lopez,1610612753,2021-22
1629755,Hassani Gravett,1628976,Wendell Carter Jr.,1610612753,2021-22
1629755,Hassani Gravett,1630175,Cole Anthony,1610612753,2021-22
1070,Devin Gray,292,Anthony Miller,1610612745,1999-00
1070,Devin Gray,1883,Steve Francis,1610612745,1999-00
1070,Devin Gray,787,Charles Barkley,1610612745,1999-00
1070,Devin Gray,1749,Cuttino Mobley,1610612745,1999-00
1070,Devin Gray,435,Carlos Rogers,1610612745,1999-00
1070,Devin Gray,983,Moochie Norris,1610612745,1999-00
1070,Devin Gray,1509,Kelvin Cato,1610612745,1999-00
1070,Devin Gray,1903,Kenny Thomas,1610612745,1999-00
1070,Devin Gray,1000,Shandon Anderson,1610612745,1999-00
1070,Devin Gray,1005,Walt Williams,1610612745,1999-00
1070,Devin Gray,672,Matt Bullard,1610612745,1999-00
1070,Devin Gray,724,Cory Alexander,1610612759,1996-97
1070,Devin Gray,42,Monty Williams,1610612759,1996-97
1070,Devin Gray,422,Avery Johnson,1610612759,1996-97
1070,Devin Gray,61,Carl Herrera,1610612759,1996-97
1070,Devin Gray,137,Vernon Maxwell,1610612759,1996-97
1070,Devin Gray,219,Vinny Del Negro,1610612759,1996-97
1070,Devin Gray,1122,Dominique Wilkins,1610612759,1996-97
1070,Devin Gray,251,Sean Elliott,1610612759,1996-97
1070,Devin Gray,246,Greg Anderson,1610612759,1996-97
1070,Devin Gray,781,Will Perdue,1610612759,1996-97
1070,Devin Gray,994,Jamie Feick,1610612759,1996-97
1070,Devin Gray,293,Charles Smith,1610612759,1996-97
1070,Devin Gray,178,Olden Polynice,1610612758,1996-97
1070,Devin Gray,782,Mitch Richmond,1610612758,1996-97
1070,Devin Gray,51,Mahmoud Abdul-Rauf,1610612758,1996-97
1070,Devin Gray,722,Corliss Williamson,1610612758,1996-97
1070,Devin Gray,721,Tyus Edney,1610612758,1996-97
1070,Devin Gray,310,Bobby Hurley,1610612758,1996-97
1070,Devin Gray,81,Jeff Grayer,1610612758,1996-97
1070,Devin Gray,1489,Lionel Simmons,1610612758,1996-97
1070,Devin Gray,182,Billy Owens,1610612758,1996-97
1070,Devin Gray,1089,Kevin Salvadori,1610612758,1996-97
1070,Devin Gray,258,Brian Grant,1610612758,1996-97
1070,Devin Gray,63,Michael Smith,1610612758,1996-97
1026,Evric Gray,376,Eric Montross,1610612751,1996-97
1026,Evric Gray,208,Sam Cassell,1610612751,1996-97
1026,Evric Gray,383,Kendall Gill,1610612751,1996-97
1026,Evric Gray,423,Chris Gatling,1610612751,1996-97
1026,Evric Gray,236,Kevin Edwards,1610612751,1996-97
1026,Evric Gray,754,Jim Jackson,1610612751,1996-97
1026,Evric Gray,954,Kerry Kittles,1610612751,1996-97
1026,Evric Gray,212,Yinka Dare,1610612751,1996-97
1026,Evric Gray,1365,Xavier McDaniel,1610612751,1996-97
1026,Evric Gray,170,Joe Kleine,1610612751,1996-97
1026,Evric Gray,438,Robert Werdann,1610612751,1996-97
1026,Evric Gray,763,Tony Massenburg,1610612751,1996-97
1026,Evric Gray,917,Jack Haley,1610612751,1996-97
101209,Devin Green,2470,Smush Parker,1610612747,2005-06
101209,Devin Green,243,Aaron McKie,1610612747,2005-06
101209,Devin Green,1904,Devean George,1610612747,2005-06
101209,Devin Green,2575,Luke Walton,1610612747,2005-06
101209,Devin Green,1885,Lamar Odom,1610612747,2005-06
101209,Devin Green,977,Kobe Bryant,1610612747,2005-06
101209,Devin Green,101115,Andrew Bynum,1610612747,2005-06
101209,Devin Green,2756,Sasha Vujacic,1610612747,2005-06
101209,Devin Green,101142,Ronny Turiaf,1610612747,2005-06
101209,Devin Green,754,Jim Jackson,1610612747,2005-06
101209,Devin Green,2036,Chris Mihm,1610612747,2005-06
101209,Devin Green,2567,Brian Cook,1610612747,2005-06
101209,Devin Green,2198,Kwame Brown,1610612747,2005-06
1575,Derek Grimm,178,Olden Polynice,1610612758,1997-98
1575,Derek Grimm,782,Mitch Richmond,1610612758,1997-98
1575,Derek Grimm,722,Corliss Williamson,1610612758,1997-98
1575,Derek Grimm,997,Chris Robinson,1610612758,1997-98
1575,Derek Grimm,1505,Tariq Abdul-Wahad,1610612758,1997-98
1575,Derek Grimm,1533,Anthony Johnson,1610612758,1997-98
1575,Derek Grimm,1565,Michael Stewart,1610612758,1997-98
1575,Derek Grimm,143,Terry Dehere,1610612758,1997-98
1575,Derek Grimm,182,Billy Owens,1610612758,1997-98
1575,Derek Grimm,901,Otis Thorpe,1610612758,1997-98
1575,Derek Grimm,971,Mark Hendrickson,1610612758,1997-98
1575,Derek Grimm,1444,Lawrence Funderburke,1610612758,1997-98
1631160,Jordan Hall,1629640,Keldon Johnson,1610612759,2022-23
1631160,Jordan Hall,1628984,Devonte' Graham,1610612759,2022-23
1631160,Jordan Hall,1631110,Jeremy Sochan,1610612759,2022-23
1631160,Jordan Hall,1631104,Blake Wesley,1610612759,2022-23
1631160,Jordan Hall,203926,Doug McDermott,1610612759,2022-23
1631160,Jordan Hall,1631103,Malaki Branham,1610612759,2022-23
1631160,Jordan Hall,1628380,Zach Collins,1610612759,2022-23
1631160,Jordan Hall,203920,Khem Birch,1610612759,2022-23
1631160,Jordan Hall,1630170,Devin Vassell,1610612759,2022-23
1631160,Jordan Hall,1631230,Dominick Barlow,1610612759,2022-23
1631160,Jordan Hall,1629646,Charles Bassey,1610612759,2022-23
1631160,Jordan Hall,1630577,Julian Champagnie,1610612759,2022-23
1631160,Jordan Hall,1628966,Keita Bates-Diop,1610612759,2022-23
1631160,Jordan Hall,1630200,Tre Jones,1610612759,2022-23
1631160,Jordan Hall,1629641,Romeo Langford,1610612759,2022-23
1631160,Jordan Hall,203476,Gorgui Dieng,1610612759,2022-23
1631160,Jordan Hall,1630572,Sandro Mamukelashvili,1610612759,2022-23
1629788,Tyler Hall,1630167,Obi Toppin,1610612752,2021-22
1629788,Tyler Hall,1630540,Miles McBride,1610612752,2021-22
1629788,Tyler Hall,203457,Nerlens Noel,1610612752,2021-22
1629788,Tyler Hall,201565,Derrick Rose,1610612752,2021-22
1629788,Tyler Hall,1630193,Immanuel Quickley,1610612752,2021-22
1629788,Tyler Hall,1629656,Quentin Grimes,1610612752,2021-22
1629788,Tyler Hall,202689,Kemba Walker,1610612752,2021-22
1629788,Tyler Hall,1629628,RJ Barrett,1610612752,2021-22
1629788,Tyler Hall,1630624,Feron Hunt,1610612752,2021-22
1629788,Tyler Hall,203095,Evan Fournier,1610612752,2021-22
1629788,Tyler Hall,202692,Alec Burks,1610612752,2021-22
1629788,Tyler Hall,1629629,Cam Reddish,1610612752,2021-22
1629788,Tyler Hall,1629011,Mitchell Robinson,1610612752,2021-22
1629788,Tyler Hall,203944,Julius Randle,1610612752,2021-22
1629788,Tyler Hall,1630579,Jericho Sims,1610612752,2021-22
1629788,Tyler Hall,1627853,Ryan Arcidiacono,1610612752,2021-22
1629788,Tyler Hall,201959,Taj Gibson,1610612752,2021-22
1628605,Dusty Hannahs,1629007,Jontay Porter,1610612763,2019-20
1628605,Dusty Hannahs,1629001,De'Anthony Melton,1610612763,2019-20
1628605,Dusty Hannahs,203937,Kyle Anderson,1610612763,2019-20
1628605,Dusty Hannahs,1628960,Grayson Allen,1610612763,2019-20
1628605,Dusty Hannahs,1626159,Justise Winslow,1610612763,2019-20
1628605,Dusty Hannahs,1629630,Ja Morant,1610612763,2019-20
1628605,Dusty Hannahs,1628991,Jaren Jackson Jr.,1610612763,2019-20
1628605,Dusty Hannahs,203476,Gorgui Dieng,1610612763,2019-20
1628605,Dusty Hannahs,1629634,Brandon Clarke,1610612763,2019-20
1628605,Dusty Hannahs,202685,Jonas Valančiūnas,1610612763,2019-20
1628605,Dusty Hannahs,1629139,Yuta Watanabe,1610612763,2019-20
1628605,Dusty Hannahs,1628367,Josh Jackson,1610612763,2019-20
1628605,Dusty Hannahs,1626145,Tyus Jones,1610612763,2019-20
1628605,Dusty Hannahs,1629741,Marko Guduric,1610612763,2019-20
1628605,Dusty Hannahs,1628415,Dillon Brooks,1610612763,2019-20
1628605,Dusty Hannahs,201229,Anthony Tolliver,1610612763,2019-20
1628605,Dusty Hannahs,1629723,John Konchar,1610612763,2019-20
1628605,Dusty Hannahs,202340,Avery Bradley,1610612763,2018-19
1628605,Dusty Hannahs,203937,Kyle Anderson,1610612763,2018-19
1628605,Dusty Hannahs,1626153,Delon Wright,1610612763,2018-19
1628605,Dusty Hannahs,1628975,Jevon Carter,1610612763,2018-19
1628605,Dusty Hannahs,1627395,Julian Washburn,1610612763,2018-19
1628605,Dusty Hannahs,203998,Bruno Caboclo,1610612763,2018-19
1628605,Dusty Hannahs,101139,CJ Miles,1610612763,2018-19
1628605,Dusty Hannahs,203200,Justin Holiday,1610612763,2018-19
1628605,Dusty Hannahs,1628397,Ivan Rabb,1610612763,2018-19
1628605,Dusty Hannahs,201144,Mike Conley,1610612763,2018-19
1628605,Dusty Hannahs,1629139,Yuta Watanabe,1610612763,2018-19
1628605,Dusty Hannahs,1628991,Jaren Jackson Jr.,1610612763,2018-19
1628605,Dusty Hannahs,202685,Jonas Valančiūnas,1610612763,2018-19
1628605,Dusty Hannahs,1628416,Tyler Dorsey,1610612763,2018-19
1628605,Dusty Hannahs,1628415,Dillon Brooks,1610612763,2018-19
1628605,Dusty Hannahs,202718,Chandler Parsons,1610612763,2018-19
1628605,Dusty Hannahs,203092,Tyler Zeller,1610612763,2018-19
1628605,Dusty Hannahs,201149,Joakim Noah,1610612763,2018-19
203548,Elias Harris,201156,Nick Young,1610612747,2013-14
203548,Elias Harris,200770,Jordan Farmar,1610612747,2013-14
203548,Elias Harris,202705,MarShon Brooks,1610612747,2013-14
203548,Elias Harris,203527,Ryan Kelly,1610612747,2013-14
203548,Elias Harris,203145,Kent Bazemore,1610612747,2013-14
203548,Elias Harris,202333,Xavier Henry,1610612747,2013-14
203548,Elias Harris,2549,Chris Kaman,1610612747,2013-14
203548,Elias Harris,959,Steve Nash,1610612747,2013-14
203548,Elias Harris,202325,Wesley Johnson,1610612747,2013-14
203548,Elias Harris,203088,Kendall Marshall,1610612747,2013-14
203548,Elias Harris,2200,Pau Gasol,1610612747,2013-14
203548,Elias Harris,201975,Jodie Meeks,1610612747,2013-14
203548,Elias Harris,977,Kobe Bryant,1610612747,2013-14
203548,Elias Harris,201941,Jordan Hill,1610612747,2013-14
203548,Elias Harris,203135,Robert Sacre,1610612747,2013-14
1630223,Jalen Harris,1630273,Freddie Gillespie,1610612761,2020-21
1630223,Jalen Harris,1628778,Paul Watson,1610612761,2020-21
1630223,Jalen Harris,1628384,OG Anunoby,1610612761,2020-21
1630223,Jalen Harris,1626169,Stanley Johnson,1610612761,2020-21
1630223,Jalen Harris,200768,Kyle Lowry,1610612761,2020-21
1630223,Jalen Harris,1630201,Malachi Flynn,1610612761,2020-21
1630223,Jalen Harris,1629139,Yuta Watanabe,1610612761,2020-21
1630223,Jalen Harris,1627832,Fred VanVleet,1610612761,2020-21
1630223,Jalen Harris,203920,Khem Birch,1610612761,2020-21
1630223,Jalen Harris,1628449,Chris Boucher,1610612761,2020-21
1630223,Jalen Harris,203918,Rodney Hood,1610612761,2020-21
1630223,Jalen Harris,1629018,Gary Trent Jr.,1610612761,2020-21
1630223,Jalen Harris,1627783,Pascal Siakam,1610612761,2020-21
1630223,Jalen Harris,203382,Aron Baynes,1610612761,2020-21
1630223,Jalen Harris,1627761,DeAndre' Bembry,1610612761,2020-21
1630565,Aaron Henry,1630178,Tyrese Maxey,1610612755,2021-22
1630565,Aaron Henry,201935,James Harden,1610612755,2021-22
1630565,Aaron Henry,1629619,Myles Powell,1610612755,2021-22
1630565,Aaron Henry,1630198,Isaiah Joe,1610612755,2021-22
1630565,Aaron Henry,200794,Paul Millsap,1610612755,2021-22
1630565,Aaron Henry,201599,DeAndre Jordan,1610612755,2021-22
1630565,Aaron Henry,1630531,Jaden Springer,1610612755,2021-22
1630565,Aaron Henry,202699,Tobias Harris,1610612755,2021-22
1630565,Aaron Henry,201980,Danny Green,1610612755,2021-22
1630565,Aaron Henry,1629718,Charlie Brown Jr.,1610612755,2021-22
1630565,Aaron Henry,1629003,Shake Milton,1610612755,2021-22
1630565,Aaron Henry,1627777,Georges Niang,1610612755,2021-22
1630565,Aaron Henry,203954,Joel Embiid,1610612755,2021-22
1630565,Aaron Henry,1629680,Matisse Thybulle,1610612755,2021-22
1630565,Aaron Henry,1629646,Charles Bassey,1610612755,2021-22
1630565,Aaron Henry,1627788,Furkan Korkmaz,1610612755,2021-22
1630565,Aaron Henry,1630194,Paul Reed,1610612755,2021-22
201631,Steven Hill,201566,Russell Westbrook,1610612760,2008-09
201631,Steven Hill,200757,Thabo Sefolosha,1610612760,2008-09
201631,Steven Hill,201591,DJ White,1610612760,2008-09
201631,Steven Hill,2555,Nick Collison,1610612760,2008-09
201631,Steven Hill,201602,Kyle Weaver,1610612760,2008-09
201631,Steven Hill,1088,Chucky Atkins,1610612760,2008-09
201631,Steven Hill,990,Malik Rose,1610612760,2008-09
201631,Steven Hill,2420,Nenad Krstic,1610612760,2008-09
201631,Steven Hill,2733,Shaun Livingston,1610612760,2008-09
201631,Steven Hill,2863,Damien Wilkins,1610612760,2008-09
201631,Steven Hill,201145,Jeff Green,1610612760,2008-09
201631,Steven Hill,2248,Earl Watson,1610612760,2008-09
201631,Steven Hill,2741,Robert Swift,1610612760,2008-09
201631,Steven Hill,2046,Desmond Mason,1610612760,2008-09
201631,Steven Hill,201142,Kevin Durant,1610612760,2008-09
200823,Robert Hite,2748,Dorell Wright,1610612748,2006-07
200823,Robert Hite,2548,Dwyane Wade,1610612748,2006-07
200823,Robert Hite,224,Eddie Jones,1610612748,2006-07
200823,Robert Hite,952,Antoine Walker,1610612748,2006-07
200823,Robert Hite,200809,Chris Quinn,1610612748,2006-07
200823,Robert Hite,56,Gary Payton,1610612748,2006-07
200823,Robert Hite,2574,Jason Kapono,1610612748,2006-07
200823,Robert Hite,101134,Wayne Simien,1610612748,2006-07
200823,Robert Hite,2853,Earl Barron,1610612748,2006-07
200823,Robert Hite,406,Shaquille O'Neal,1610612748,2006-07
200823,Robert Hite,297,Alonzo Mourning,1610612748,2006-07
200823,Robert Hite,2617,Udonis Haslem,1610612748,2006-07
200823,Robert Hite,1899,James Posey,1610612748,2006-07
200823,Robert Hite,1720,Michael Doleac,1610612748,2006-07
200823,Robert Hite,1715,Jason Williams,1610612748,2006-07
202359,Darington Hobson,2400,Drew Gooden,1610612749,2011-12
202359,Darington Hobson,201943,Brandon Jennings,1610612749,2011-12
202359,Darington Hobson,101141,Ersan Ilyasova,1610612749,2011-12
202359,Darington Hobson,202336,Larry Sanders,1610612749,2011-12
202359,Darington Hobson,2733,Shaun Livingston,1610612749,2011-12
202359,Darington Hobson,2568,Carlos Delfino,1610612749,2011-12
202359,Darington Hobson,101145,Monta Ellis,1610612749,2011-12
202359,Darington Hobson,201601,Luc Mbah a Moute,1610612749,2011-12
202359,Darington Hobson,202327,Ekpe Udoh,1610612749,2011-12
202359,Darington Hobson,202699,Tobias Harris,1610612749,2011-12
202359,Darington Hobson,2399,Mike Dunleavy,1610612749,2011-12
202359,Darington Hobson,2757,Beno Udrih,1610612749,2011-12
202359,Darington Hobson,202720,Jon Leuer,1610612749,2011-12
202359,Darington Hobson,201972,Jon Brockman,1610612749,2011-12
202359,Darington Hobson,2198,Kwame Brown,1610612749,2011-12
1641793,D'Moi Hodge,1641720,Jalen Hood-Schifino,1610612747,2023-24
1641793,D'Moi Hodge,1626156,D'Angelo Russell,1610612747,2023-24
1641793,D'Moi Hodge,1629020,Jarred Vanderbilt,1610612747,2023-24
1641793,D'Moi Hodge,203076,Anthony Davis,1610612747,2023-24
1641793,D'Moi Hodge,1630219,Skylar Mays,1610612747,2023-24
1641793,D'Moi Hodge,1629629,Cam Reddish,1610612747,2023-24
1641793,D'Moi Hodge,1629216,Gabe Vincent,1610612747,2023-24
1641793,D'Moi Hodge,1631108,Max Christie,1610612747,2023-24
1641793,D'Moi Hodge,1629637,Jaxson Hayes,1610612747,2023-24
1641793,D'Moi Hodge,1627752,Taurean Prince,1610612747,2023-24
1641793,D'Moi Hodge,1630658,Colin Castleton,1610612747,2023-24
1641793,D'Moi Hodge,1630559,Austin Reaves,1610612747,2023-24
1641793,D'Moi Hodge,1628385,Harry Giles III,1610612747,2023-24
1641793,D'Moi Hodge,1641721,Maxwell Lewis,1610612747,2023-24
1641793,D'Moi Hodge,2544,LeBron James,1610612747,2023-24
1641793,D'Moi Hodge,203915,Spencer Dinwiddie,1610612747,2023-24
1641793,D'Moi Hodge,1629060,Rui Hachimura,1610612747,2023-24
1641793,D'Moi Hodge,1626174,Christian Wood,1610612747,2023-24
202862,Dennis Horner,202178,Sundiata Gaines,1610612751,2011-12
202862,Dennis Horner,200770,Jordan Farmar,1610612751,2011-12
202862,Dennis Horner,202356,Armon Johnson,1610612751,2011-12
202862,Dennis Horner,101114,Deron Williams,1610612751,2011-12
202862,Dennis Horner,202705,MarShon Brooks,1610612751,2011-12
202862,Dennis Horner,202345,Damion James,1610612751,2011-12
202862,Dennis Horner,201572,Brook Lopez,1610612751,2011-12
202862,Dennis Horner,101123,Gerald Green,1610612751,2011-12
202862,Dennis Horner,202716,Jordan Williams,1610612751,2011-12
202862,Dennis Horner,201627,Anthony Morrow,1610612751,2011-12
202862,Dennis Horner,101130,Johan Petro,1610612751,2011-12
202862,Dennis Horner,200749,Shelden Williams,1610612751,2011-12
202862,Dennis Horner,2743,Kris Humphries,1610612751,2011-12
202862,Dennis Horner,2222,Gerald Wallace,1610612751,2011-12
202862,Dennis Horner,2052,DeShawn Stevenson,1610612751,2011-12
1965,Rick Hughes,714,Michael Finley,1610612742,1999-00
1965,Rick Hughes,1800,Damon Jones,1610612742,1999-00
1965,Rick Hughes,959,Steve Nash,1610612742,1999-00
1965,Rick Hughes,123,Robert Pack,1610612742,1999-00
1965,Rick Hughes,1065,Erick Strickland,1610612742,1999-00
1965,Rick Hughes,1761,Greg Buckner,1610612742,1999-00
1965,Rick Hughes,76,Cedric Ceballos,1610612742,1999-00
1965,Rick Hughes,93,Hubert Davis,1610612742,1999-00
1965,Rick Hughes,718,Gary Trent,1610612742,1999-00
1965,Rick Hughes,1717,Dirk Nowitzki,1610612742,1999-00
1965,Rick Hughes,762,Shawn Bradley,1610612742,1999-00
1965,Rick Hughes,399,Sean Rooks,1610612742,1999-00
1965,Rick Hughes,23,Dennis Rodman,1610612742,1999-00
1626205,Vincent Hunter,203210,JaMychal Green,1610612763,2017-18
1626205,Vincent Hunter,1626185,Jarell Martin,1610612763,2017-18
1626205,Vincent Hunter,1628424,Kobi Simmons,1610612763,2017-18
1626205,Vincent Hunter,1627362,Briante Weber,1610612763,2017-18
1626205,Vincent Hunter,1627988,Myke Henry,1610612763,2017-18
1626205,Vincent Hunter,1626150,Andrew Harrison,1610612763,2017-18
1626205,Vincent Hunter,201596,Mario Chalmers,1610612763,2017-18
1626205,Vincent Hunter,1627782,Wayne Selden,1610612763,2017-18
1626205,Vincent Hunter,202705,MarShon Brooks,1610612763,2017-18
1626205,Vincent Hunter,1628397,Ivan Rabb,1610612763,2017-18
1626205,Vincent Hunter,201144,Mike Conley,1610612763,2017-18
1626205,Vincent Hunter,201936,Tyreke Evans,1610612763,2017-18
1626205,Vincent Hunter,203104,Marquis Teague,1610612763,2017-18
1626205,Vincent Hunter,1627738,Deyonta Davis,1610612763,2017-18
1626205,Vincent Hunter,203463,Ben McLemore,1610612763,2017-18
1626205,Vincent Hunter,1628415,Dillon Brooks,1610612763,2017-18
1626205,Vincent Hunter,202718,Chandler Parsons,1610612763,2017-18
1626205,Vincent Hunter,201188,Marc Gasol,1610612763,2017-18
203510,Pierre Jackson,203457,Nerlens Noel,1610612742,2016-17
203510,Pierre Jackson,200826,J.J. Barea,1610612742,2016-17
203510,Pierre Jackson,202412,Manny Harris,1610612742,2016-17
203510,Pierre Jackson,203939,Dwight Powell,1610612742,2016-17
203510,Pierre Jackson,1627852,Nicolas Brussino,1610612742,2016-17
203510,Pierre Jackson,1627827,Dorian Finney-Smith,1610612742,2016-17
203510,Pierre Jackson,1627812,Yogi Ferrell,1610612742,2016-17
203510,Pierre Jackson,202732,DeAndre Liggins,1610612742,2016-17
203510,Pierre Jackson,1627784,Jarrod Uthoff,1610612742,2016-17
203510,Pierre Jackson,1627773,AJ Hammons,1610612742,2016-17
203510,Pierre Jackson,202083,Wesley Matthews,1610612742,2016-17
203510,Pierre Jackson,203552,Seth Curry,1610612742,2016-17
203510,Pierre Jackson,2734,Devin Harris,1610612742,2016-17
203510,Pierre Jackson,203084,Harrison Barnes,1610612742,2016-17
203510,Pierre Jackson,1717,Dirk Nowitzki,1610612742,2016-17
203510,Pierre Jackson,1626257,Salah Mejri,1610612742,2016-17
1629713,Justin James,1630169,Tyrese Haliburton,1610612758,2020-21
1629713,Justin James,1630186,Jahmi'us Ramsey,1610612758,2020-21
1629713,Justin James,1628368,De'Aaron Fox,1610612758,2020-21
1629713,Justin James,1629657,Kyle Guy,1610612758,2020-21
1629713,Justin James,203090,Maurice Harkless,1610612758,2020-21
1629713,Justin James,1629056,Terence Davis,1610612758,2020-21
1629713,Justin James,1630218,Robert Woodard II,1610612758,2020-21
1629713,Justin James,1627745,Damian Jones,1610612758,2020-21
1629713,Justin James,202355,Hassan Whiteside,1610612758,2020-21
1629713,Justin James,1626158,Richaun Holmes,1610612758,2020-21
1629713,Justin James,1629663,Louis King,1610612758,2020-21
1629713,Justin James,1627741,Buddy Hield,1610612758,2020-21
1629713,Justin James,1629002,Chimezie Metu,1610612758,2020-21
1629713,Justin James,1628963,Marvin Bagley III,1610612758,2020-21
1629713,Justin James,203084,Harrison Barnes,1610612758,2020-21
1629713,Justin James,1626153,Delon Wright,1610612758,2020-21
1629713,Justin James,1627812,Yogi Ferrell,1610612758,2019-20
1629713,Justin James,1628368,De'Aaron Fox,1610612758,2019-20
1629713,Justin James,1629657,Kyle Guy,1610612758,2019-20
1629713,Justin James,203992,Bogdan Bogdanović,1610612758,2019-20
1629713,Justin James,202709,Cory Joseph,1610612758,2019-20
1629713,Justin James,201147,Corey Brewer,1610612758,2019-20
1629713,Justin James,1629610,DaQuan Jeffries,1610612758,2019-20
1629713,Justin James,1628385,Harry Giles III,1610612758,2019-20
1629713,Justin James,1626158,Richaun Holmes,1610612758,2019-20
1629713,Justin James,1627741,Buddy Hield,1610612758,2019-20
1629713,Justin James,203458,Alex Len,1610612758,2019-20
1629713,Justin James,203145,Kent Bazemore,1610612758,2019-20
1629713,Justin James,203953,Jabari Parker,1610612758,2019-20
1629713,Justin James,1628963,Marvin Bagley III,1610612758,2019-20
1629713,Justin James,203084,Harrison Barnes,1610612758,2019-20
1629713,Justin James,202357,Nemanja Bjelica,1610612758,2019-20
201291,Carldell Johnson,202329,Al-Farouq Aminu,1610612740,2011-12
201291,Carldell Johnson,2772,Trevor Ariza,1610612740,2011-12
201291,Carldell Johnson,101127,Jarrett Jack,1610612740,2011-12
201291,Carldell Johnson,202333,Xavier Henry,1610612740,2011-12
201291,Carldell Johnson,201158,Marco Belinelli,1610612740,2011-12
201291,Carldell Johnson,201569,Eric Gordon,1610612740,2011-12
201291,Carldell Johnson,202406,Jerome Dyson,1610612740,2011-12
201291,Carldell Johnson,201160,Jason Smith,1610612740,2011-12
201291,Carldell Johnson,202970,Gustavo Ayon,1610612740,2011-12
201291,Carldell Johnson,202349,Greivis Vasquez,1610612740,2011-12
201291,Carldell Johnson,201171,Carl Landry,1610612740,2011-12
201291,Carldell Johnson,201208,Darryl Watkins,1610612740,2011-12
201291,Carldell Johnson,2549,Chris Kaman,1610612740,2011-12
201291,Carldell Johnson,202498,Lance Thomas,1610612740,2011-12
201291,Carldell Johnson,2731,Emeka Okafor,1610612740,2011-12
1746,DeMarco Johnson,164,Chris Childs,1610612752,1999-00
1746,DeMarco Johnson,913,Larry Johnson,1610612752,1999-00
1746,DeMarco Johnson,84,Latrell Sprewell,1610612752,1999-00
1746,DeMarco Johnson,1594,Rick Brunson,1610612752,1999-00
1746,DeMarco Johnson,201,Chris Dudley,1610612752,1999-00
1746,DeMarco Johnson,275,Allan Houston,1610612752,1999-00
1746,DeMarco Johnson,369,Charlie Ward,1610612752,1999-00
1746,DeMarco Johnson,948,Marcus Camby,1610612752,1999-00
1746,DeMarco Johnson,457,Andrew Lang,1610612752,1999-00
1746,DeMarco Johnson,121,Patrick Ewing,1610612752,1999-00
1746,DeMarco Johnson,703,Kurt Thomas,1610612752,1999-00
1746,DeMarco Johnson,961,John Wallace,1610612752,1999-00
204179,Omari Johnson,203210,JaMychal Green,1610612763,2017-18
204179,Omari Johnson,1626185,Jarell Martin,1610612763,2017-18
204179,Omari Johnson,1628424,Kobi Simmons,1610612763,2017-18
204179,Omari Johnson,1627362,Briante Weber,1610612763,2017-18
204179,Omari Johnson,1627988,Myke Henry,1610612763,2017-18
204179,Omari Johnson,1626150,Andrew Harrison,1610612763,2017-18
204179,Omari Johnson,201596,Mario Chalmers,1610612763,2017-18
204179,Omari Johnson,1627782,Wayne Selden,1610612763,2017-18
204179,Omari Johnson,202705,MarShon Brooks,1610612763,2017-18
204179,Omari Johnson,1628397,Ivan Rabb,1610612763,2017-18
204179,Omari Johnson,201144,Mike Conley,1610612763,2017-18
204179,Omari Johnson,201936,Tyreke Evans,1610612763,2017-18
204179,Omari Johnson,203104,Marquis Teague,1610612763,2017-18
204179,Omari Johnson,1627738,Deyonta Davis,1610612763,2017-18
204179,Omari Johnson,203463,Ben McLemore,1610612763,2017-18
204179,Omari Johnson,1628415,Dillon Brooks,1610612763,2017-18
204179,Omari Johnson,202718,Chandler Parsons,1610612763,2017-18
204179,Omari Johnson,201188,Marc Gasol,1610612763,2017-18
203130,Darius Johnson-Odom,203487,Michael Carter-Williams,1610612755,2013-14
203130,Darius Johnson-Odom,203457,Nerlens Noel,1610612755,2013-14
203130,Darius Johnson-Odom,203102,Arnett Moultrie,1610612755,2013-14
203130,Darius Johnson-Odom,203519,Adonis Thomas,1610612755,2013-14
203130,Darius Johnson-Odom,203100,Tony Wroten,1610612755,2013-14
203130,Darius Johnson-Odom,202341,James Anderson,1610612755,2013-14
203130,Darius Johnson-Odom,203810,Casper Ware,1610612755,2013-14
203130,Darius Johnson-Odom,203561,Brandon Davies,1610612755,2013-14
203130,Darius Johnson-Odom,201152,Thaddeus Young,1610612755,2013-14
203130,Darius Johnson-Odom,2202,Jason Richardson,1610612755,2013-14
203130,Darius Johnson-Odom,202343,Elliot Williams,1610612755,2013-14
203130,Darius Johnson-Odom,201957,Byron Mullens,1610612755,2013-14
203130,Darius Johnson-Odom,203138,Hollis Thompson,1610612755,2013-14
203130,Darius Johnson-Odom,203156,Henry Sims,1610612755,2013-14
203130,Darius Johnson-Odom,202363,Jarvis Varnado,1610612755,2013-14
203130,Darius Johnson-Odom,202726,Andrew Goudelock,1610612747,2012-13
203130,Darius Johnson-Odom,202721,Darius Morris,1610612747,2012-13
203130,Darius Johnson-Odom,202365,Devin Ebanks,1610612747,2012-13
203130,Darius Johnson-Odom,1712,Antawn Jamison,1610612747,2012-13
203130,Darius Johnson-Odom,2581,Steve Blake,1610612747,2012-13
203130,Darius Johnson-Odom,201947,Earl Clark,1610612747,2012-13
203130,Darius Johnson-Odom,959,Steve Nash,1610612747,2012-13
203130,Darius Johnson-Odom,2730,Dwight Howard,1610612747,2012-13
203130,Darius Johnson-Odom,1897,Metta World Peace,1610612747,2012-13
203130,Darius Johnson-Odom,2200,Pau Gasol,1610612747,2012-13
203130,Darius Johnson-Odom,201975,Jodie Meeks,1610612747,2012-13
203130,Darius Johnson-Odom,2768,Chris Duhon,1610612747,2012-13
203130,Darius Johnson-Odom,977,Kobe Bryant,1610612747,2012-13
203130,Darius Johnson-Odom,201941,Jordan Hill,1610612747,2012-13
203130,Darius Johnson-Odom,203135,Robert Sacre,1610612747,2012-13
90000,Mark Jones,76170,Otis Birdsong,1610612751,1983-84
90000,Mark Jones,76435,Darwin Cook,1610612751,1983-84
90000,Mark Jones,76539,Darryl Dawkins,1610612751,1983-84
90000,Mark Jones,76826,Mike Gminski,1610612751,1983-84
90000,Mark Jones,77163,Reggie Johnson,1610612751,1983-84
90000,Mark Jones,2891,Mark Jones,1610612751,1983-84
90000,Mark Jones,77263,Albert King,1610612751,1983-84
90000,Mark Jones,77754,Mike O'Koren,1610612751,1983-84
90000,Mark Jones,77911,Kelvin Ransey,1610612751,1983-84
90000,Mark Jones,77952,Micheal Ray Richardson,1610612751,1983-84
90000,Mark Jones,78436,Foots Walker,1610612751,1983-84
90000,Mark Jones,433,Buck Williams,1610612751,1983-84
90000,Mark Jones,78577,Bill Willoughby,1610612751,1983-84
2123,Garth Joseph,924,Anthony Goldwire,1610612743,2000-01
2123,Garth Joseph,702,Voshon Lenard,1610612743,2000-01
2123,Garth Joseph,123,Robert Pack,1610612743,2000-01
2123,Garth Joseph,45,George McCloud,1610612743,2000-01
2123,Garth Joseph,686,Antonio McDyess,1610612743,2000-01
2123,Garth Joseph,89,Nick Van Exel,1610612743,2000-01
2123,Garth Joseph,1899,James Posey,1610612743,2000-01
2123,Garth Joseph,1763,Ryan Bowen,1610612743,2000-01
2123,Garth Joseph,788,Kevin Willis,1610612743,2000-01
2123,Garth Joseph,1711,Raef LaFrentz,1610612743,2000-01
2123,Garth Joseph,2082,Dan McClintock,1610612743,2000-01
2123,Garth Joseph,426,Terry Davis,1610612743,2000-01
2123,Garth Joseph,376,Eric Montross,1610612761,2000-01
2123,Garth Joseph,164,Chris Childs,1610612761,2000-01
2123,Garth Joseph,145,Tracy Murray,1610612761,2000-01
2123,Garth Joseph,1565,Michael Stewart,1610612761,2000-01
2123,Garth Joseph,1721,Keon Clark,1610612761,2000-01
2123,Garth Joseph,966,Jerome Williams,1610612761,2000-01
2123,Garth Joseph,1713,Vince Carter,1610612761,2000-01
2123,Garth Joseph,1541,Alvin Williams,1610612761,2000-01
2123,Garth Joseph,2050,Morris Peterson,1610612761,2000-01
2123,Garth Joseph,209,Dell Curry,1610612761,2000-01
2123,Garth Joseph,213,Antonio Davis,1610612761,2000-01
2123,Garth Joseph,891,Charles Oakley,1610612761,2000-01
1630686,Georgios Kalaitzakis,1628983,Shai Gilgeous-Alexander,1610612760,2021-22
1630686,Georgios Kalaitzakis,1630581,Josh Giddey,1610612760,2021-22
1630686,Georgios Kalaitzakis,1629652,Luguentz Dort,1610612760,2021-22
1630686,Georgios Kalaitzakis,1628982,Melvin Frazier Jr.,1610612760,2021-22
1630686,Georgios Kalaitzakis,1629647,Darius Bazley,1610612760,2021-22
1630686,Georgios Kalaitzakis,1630177,Theo Maledon,1610612760,2021-22
1630686,Georgios Kalaitzakis,1630322,Lindy Waters III,1610612760,2021-22
1630686,Georgios Kalaitzakis,202324,Derrick Favors,1610612760,2021-22
1630686,Georgios Kalaitzakis,1629660,Ty Jerome,1610612760,2021-22
1630686,Georgios Kalaitzakis,1630197,Aleksej Pokusevski,1610612760,2021-22
1630686,Georgios Kalaitzakis,1630598,Aaron Wiggins,1610612760,2021-22
1630686,Georgios Kalaitzakis,1629676,Isaiah Roby,1610612760,2021-22
1630686,Georgios Kalaitzakis,1630544,Tre Mann,1610612760,2021-22
1630686,Georgios Kalaitzakis,1630249,Vít Krejčí,1610612760,2021-22
1630686,Georgios Kalaitzakis,203488,Mike Muscala,1610612760,2021-22
1630686,Georgios Kalaitzakis,1629026,Kenrich Williams,1610612760,2021-22
1630686,Georgios Kalaitzakis,1630526,Jeremiah Robinson-Earl,1610612760,2021-22
1630686,Georgios Kalaitzakis,201588,George Hill,1610612749,2021-22
1630686,Georgios Kalaitzakis,1628975,Jevon Carter,1610612749,2021-22
1630686,Georgios Kalaitzakis,1630492,Luca Vildoza,1610612749,2021-22
1630686,Georgios Kalaitzakis,1628960,Grayson Allen,1610612749,2021-22
1630686,Georgios Kalaitzakis,1626171,Bobby Portis,1610612749,2021-22
1630686,Georgios Kalaitzakis,201572,Brook Lopez,1610612749,2021-22
1630686,Georgios Kalaitzakis,1629670,Jordan Nwora,1610612749,2021-22
1630686,Georgios Kalaitzakis,201950,Jrue Holiday,1610612749,2021-22
1630686,Georgios Kalaitzakis,203114,Khris Middleton,1610612749,2021-22
1630686,Georgios Kalaitzakis,202083,Wesley Matthews,1610612749,2021-22
1630686,Georgios Kalaitzakis,1626192,Pat Connaughton,1610612749,2021-22
1630686,Georgios Kalaitzakis,201586,Serge Ibaka,1610612749,2021-22
1630686,Georgios Kalaitzakis,1629623,Lindell Wigginton,1610612749,2021-22
1630686,Georgios Kalaitzakis,203507,Giannis Antetokounmpo,1610612749,2021-22
1630686,Georgios Kalaitzakis,203648,Thanasis Antetokounmpo,1610612749,2021-22
1630686,Georgios Kalaitzakis,1630572,Sandro Mamukelashvili,1610612749,2021-22
1630686,Georgios Kalaitzakis,1629730,Rayjon Tucker,1610612749,2021-22
1629742,Stanton Kidd,203903,Jordan Clarkson,1610612762,2019-20
1629742,Stanton Kidd,1628430,Nigel Williams-Goss,1610612762,2019-20
1629742,Stanton Kidd,204060,Joe Ingles,1610612762,2019-20
1629742,Stanton Kidd,1629625,Justin Wright-Foreman,1610612762,2019-20
1629742,Stanton Kidd,1629714,Jarrell Brantley,1610612762,2019-20
1629742,Stanton Kidd,1629730,Rayjon Tucker,1610612762,2019-20
1629742,Stanton Kidd,201144,Mike Conley,1610612762,2019-20
1629742,Stanton Kidd,1628396,Tony Bradley,1610612762,2019-20
1629742,Stanton Kidd,1626144,Emmanuel Mudiay,1610612762,2019-20
1629742,Stanton Kidd,1629752,Juwan Morgan,1610612762,2019-20
1629742,Stanton Kidd,202334,Ed Davis,1610612762,2019-20
1629742,Stanton Kidd,1626220,Royce O'Neale,1610612762,2019-20
1629742,Stanton Kidd,203497,Rudy Gobert,1610612762,2019-20
1629742,Stanton Kidd,1627777,Georges Niang,1610612762,2019-20
1629742,Stanton Kidd,202711,Bojan Bogdanovic,1610612762,2019-20
1629742,Stanton Kidd,1628378,Donovan Mitchell,1610612762,2019-20
1629742,Stanton Kidd,1629671,Miye Oni,1610612762,2019-20
203945,Alex Kirk,201567,Kevin Love,1610612739,2014-15
203945,Alex Kirk,2592,James Jones,1610612739,2014-15
203945,Alex Kirk,202681,Kyrie Irving,1610612739,2014-15
203945,Alex Kirk,2570,Kendrick Perkins,1610612739,2014-15
203945,Alex Kirk,202697,Iman Shumpert,1610612739,2014-15
203945,Alex Kirk,2747,JR Smith,1610612739,2014-15
203945,Alex Kirk,203521,Matthew Dellavedova,1610612739,2014-15
203945,Alex Kirk,203925,Joe Harris,1610612739,2014-15
203945,Alex Kirk,202684,Tristan Thompson,1610612739,2014-15
203945,Alex Kirk,2760,Anderson Varejao,1610612739,2014-15
203945,Alex Kirk,2034,Mike Miller,1610612739,2014-15
203945,Alex Kirk,202389,Timofey Mozgov,1610612739,2014-15
203945,Alex Kirk,2544,LeBron James,1610612739,2014-15
203945,Alex Kirk,1890,Shawn Marion,1610612739,2014-15
203945,Alex Kirk,2217,Brendan Haywood,1610612739,2014-15
2688,Brandin Knight,1503,Tracy McGrady,1610612745,2004-05
2688,Brandin Knight,682,Bob Sura,1610612745,2004-05
2688,Brandin Knight,133,David Wesley,1610612745,2004-05
2688,Brandin Knight,2397,Yao Ming,1610612745,2004-05
2688,Brandin Knight,2229,Mike James,1610612745,2004-05
2688,Brandin Knight,468,Jon Barry,1610612745,2004-05
2688,Brandin Knight,983,Moochie Norris,1610612745,2004-05
2688,Brandin Knight,221,Clar. Weatherspoon,1610612745,2004-05
2688,Brandin Knight,1765,Torraye Braggs,1610612745,2004-05
2688,Brandin Knight,1909,Scott Padgett,1610612745,2004-05
2688,Brandin Knight,1763,Ryan Bowen,1610612745,2004-05
2688,Brandin Knight,452,Vin Baker,1610612745,2004-05
2688,Brandin Knight,87,Dikembe Mutombo,1610612745,2004-05
2825,Ibrahim Kutluay,2555,Nick Collison,1610612760,2004-05
2825,Ibrahim Kutluay,1740,Rashard Lewis,1610612760,2004-05
2825,Ibrahim Kutluay,2557,Luke Ridnour,1610612760,2004-05
2825,Ibrahim Kutluay,958,Vitaly Potapenko,1610612760,2004-05
2825,Ibrahim Kutluay,2863,Damien Wilkins,1610612760,2004-05
2825,Ibrahim Kutluay,1744,Jerome James,1610612760,2004-05
2825,Ibrahim Kutluay,1504,Danny Fortson,1610612760,2004-05
2825,Ibrahim Kutluay,2436,Flip Murray,1610612760,2004-05
2825,Ibrahim Kutluay,2043,Mateen Cleaves,1610612760,2004-05
2825,Ibrahim Kutluay,2501,Reggie Evans,1610612760,2004-05
2825,Ibrahim Kutluay,2741,Robert Swift,1610612760,2004-05
2825,Ibrahim Kutluay,1498,Antonio Daniels,1610612760,2004-05
2825,Ibrahim Kutluay,951,Ray Allen,1610612760,2004-05
2825,Ibrahim Kutluay,2209,Vladimir Radmanovic,1610612760,2004-05
202068,Marcus Landry,202070,Tony Gaffney,1610612738,2009-10
202068,Marcus Landry,201802,Oliver Lafayette,1610612738,2009-10
202068,Marcus Landry,101126,Nate Robinson,1610612738,2009-10
202068,Marcus Landry,708,Kevin Garnett,1610612738,2009-10
202068,Marcus Landry,2605,Marquis Daniels,1610612738,2009-10
202068,Marcus Landry,200765,Rajon Rondo,1610612738,2009-10
202068,Marcus Landry,201175,Glen Davis,1610612738,2009-10
202068,Marcus Landry,200749,Shelden Williams,1610612738,2009-10
202068,Marcus Landry,951,Ray Allen,1610612738,2009-10
202068,Marcus Landry,739,Rasheed Wallace,1610612738,2009-10
202068,Marcus Landry,1718,Paul Pierce,1610612738,2009-10
202068,Marcus Landry,714,Michael Finley,1610612738,2009-10
202068,Marcus Landry,2754,Tony Allen,1610612738,2009-10
202068,Marcus Landry,2570,Kendrick Perkins,1610612738,2009-10
202068,Marcus Landry,2243,Brian Scalabrine,1610612738,2009-10
202068,Marcus Landry,2768,Chris Duhon,1610612752,2009-10
202068,Marcus Landry,1503,Tracy McGrady,1610612752,2009-10
202068,Marcus Landry,201592,J.R. Giddens,1610612752,2009-10
202068,Marcus Landry,201611,Henry Walker,1610612752,2009-10
202068,Marcus Landry,1733,Al Harrington,1610612752,2009-10
202068,Marcus Landry,201568,Danilo Gallinari,1610612752,2009-10
202068,Marcus Landry,1886,Jonathan Bender,1610612752,2009-10
202068,Marcus Landry,200771,Sergio Rodriguez,1610612752,2009-10
202068,Marcus Landry,201163,Wilson Chandler,1610612752,2009-10
202068,Marcus Landry,201962,Toney Douglas,1610612752,2009-10
202068,Marcus Landry,2853,Earl Barron,1610612752,2009-10
202068,Marcus Landry,2201,Eddy Curry,1610612752,2009-10
202068,Marcus Landry,101135,David Lee,1610612752,2009-10
202068,Marcus Landry,2067,Eddie House,1610612752,2009-10
2591,James Lang,2240,Gilbert Arenas,1610612764,2006-07
2591,James Lang,2052,DeShawn Stevenson,1610612764,2006-07
2591,James Lang,2406,Caron Butler,1610612764,2006-07
2591,James Lang,1712,Antawn Jamison,1610612764,2006-07
2591,James Lang,1498,Antonio Daniels,1610612764,2006-07
2591,James Lang,2427,Roger Mason Jr.,1610612764,2006-07
2591,James Lang,2443,Darius Songaila,1610612764,2006-07
2591,James Lang,101182,Donell Taylor,1610612764,2006-07
2591,James Lang,2553,Jarvis Hayes,1610612764,2006-07
2591,James Lang,101154,Andray Blatche,1610612764,2006-07
2591,James Lang,2217,Brendan Haywood,1610612764,2006-07
2591,James Lang,2041,Etan Thomas,1610612764,2006-07
2591,James Lang,200837,Mike Hall,1610612764,2006-07
2591,James Lang,1913,Michael Ruffin,1610612764,2006-07
2591,James Lang,1916,Calvin Booth,1610612764,2006-07
101247,Keith Langford,2035,DerMarr Johnson,1610612759,2007-08
101247,Keith Langford,757,Damon Stoudamire,1610612759,2007-08
101247,Keith Langford,714,Michael Finley,1610612759,2007-08
101247,Keith Langford,2137,Ime Udoka,1610612759,2007-08
101247,Keith Langford,101177,Fabricio Oberto,1610612759,2007-08
101247,Keith Langford,2225,Tony Parker,1610612759,2007-08
101247,Keith Langford,1521,Jacque Vaughn,1610612759,2007-08
101247,Keith Langford,1477,Bruce Bowen,1610612759,2007-08
101247,Keith Langford,2588,Matt Bonner,1610612759,2007-08
101247,Keith Langford,699,Brent Barry,1610612759,2007-08
101247,Keith Langford,1938,Manu Ginobili,1610612759,2007-08
101247,Keith Langford,1495,Tim Duncan,1610612759,2007-08
101247,Keith Langford,109,Robert Horry,1610612759,2007-08
101247,Keith Langford,101133,Ian Mahinmi,1610612759,2007-08
101247,Keith Langford,703,Kurt Thomas,1610612759,2007-08
1627879,Nicolas Laprovittola,203937,Kyle Anderson,1610612759,2016-17
1627879,Nicolas Laprovittola,202695,Kawhi Leonard,1610612759,2016-17
1627879,Nicolas Laprovittola,203473,Dewayne Dedmon,1610612759,2016-17
1627879,Nicolas Laprovittola,1627749,Dejounte Murray,1610612759,2016-17
1627879,Nicolas Laprovittola,201988,Patty Mills,1610612759,2016-17
1627879,Nicolas Laprovittola,2225,Tony Parker,1610612759,2016-17
1627879,Nicolas Laprovittola,101135,David Lee,1610612759,2016-17
1627879,Nicolas Laprovittola,1627854,Bryn Forbes,1610612759,2016-17
1627879,Nicolas Laprovittola,200746,LaMarcus Aldridge,1610612759,2016-17
1627879,Nicolas Laprovittola,201980,Danny Green,1610612759,2016-17
1627879,Nicolas Laprovittola,2200,Pau Gasol,1610612759,2016-17
1627879,Nicolas Laprovittola,203613,Jonathon Simmons,1610612759,2016-17
1627879,Nicolas Laprovittola,1938,Manu Ginobili,1610612759,2016-17
1627879,Nicolas Laprovittola,201202,Joel Anthony,1610612759,2016-17
1627879,Nicolas Laprovittola,202722,Davis Bertans,1610612759,2016-17
1629155,Zach Lofton,203083,Andre Drummond,1610612765,2018-19
1629155,Zach Lofton,202704,Reggie Jackson,1610612765,2018-19
1629155,Zach Lofton,1628379,Luke Kennard,1610612765,2018-19
1629155,Zach Lofton,1628971,Bruce Brown,1610612765,2018-19
1629155,Zach Lofton,1627748,Thon Maker,1610612765,2018-19
1629155,Zach Lofton,204038,Langston Galloway,1610612765,2018-19
1629155,Zach Lofton,1627785,Isaiah Whitehead,1610612765,2018-19
1629155,Zach Lofton,1629017,Khyri Thomas,1610612765,2018-19
1629155,Zach Lofton,202397,Ish Smith,1610612765,2018-19
1629155,Zach Lofton,1629004,Svi Mykhailiuk,1610612765,2018-19
1629155,Zach Lofton,201961,Wayne Ellington,1610612765,2018-19
1629155,Zach Lofton,203922,Glenn Robinson III,1610612765,2018-19
1629155,Zach Lofton,201933,Blake Griffin,1610612765,2018-19
1629155,Zach Lofton,203564,Kalin Lucas,1610612765,2018-19
1629155,Zach Lofton,2585,Zaza Pachulia,1610612765,2018-19
1629155,Zach Lofton,202720,Jon Leuer,1610612765,2018-19
1629155,Zach Lofton,101181,Jose Calderon,1610612765,2018-19
1630266,Will Magnay,1629712,Didi Louzada,1610612740,2020-21
1630266,Will Magnay,1629627,Zion Williamson,1610612740,2020-21
1630266,Will Magnay,1628366,Lonzo Ball,1610612740,2020-21
1630266,Will Magnay,1628404,Josh Hart,1610612740,2020-21
1630266,Will Magnay,1628411,Wes Iwundu,1610612740,2020-21
1630266,Will Magnay,202339,Eric Bledsoe,1610612740,2020-21
1630266,Will Magnay,1629638,Nickeil Alexander-Walker,1610612740,2020-21
1630266,Will Magnay,1630230,Naji Marshall,1610612740,2020-21
1630266,Will Magnay,1626195,Willy Hernangomez,1610612740,2020-21
1630266,Will Magnay,1629637,Jaxson Hayes,1610612740,2020-21
1630266,Will Magnay,203500,Steven Adams,1610612740,2020-21
1630266,Will Magnay,1630184,Kira Lewis Jr.,1610612740,2020-21
1630266,Will Magnay,1627742,Brandon Ingram,1610612740,2020-21
1630266,Will Magnay,201949,James Johnson,1610612740,2020-21
1630266,Will Magnay,203263,James Nunnally,1610612740,2020-21
1630266,Will Magnay,1629117,Wenyen Gabriel,1610612740,2020-21
200970,Renaldo Major,1536,Stephen Jackson,1610612744,2006-07
200970,Renaldo Major,2554,Mickael Pietrus,1610612744,2006-07
200970,Renaldo Major,1733,Al Harrington,1610612744,2006-07
200970,Renaldo Major,1884,Baron Davis,1610612744,2006-07
200970,Renaldo Major,101235,Kelenna Azubuike,1610612744,2006-07
200970,Renaldo Major,101145,Monta Ellis,1610612744,2006-07
200970,Renaldo Major,2560,Zarko Cabarkapa,1610612744,2006-07
200970,Renaldo Major,2740,Andris Biedrins,1610612744,2006-07
200970,Renaldo Major,2694,Josh Powell,1610612744,2006-07
200970,Renaldo Major,2440,Matt Barnes,1610612744,2006-07
200970,Renaldo Major,2202,Jason Richardson,1610612744,2006-07
200970,Renaldo Major,200753,Patrick O'Bryant,1610612744,2006-07
200970,Renaldo Major,1502,Adonal Foyle,1610612744,2006-07
200970,Renaldo Major,101180,Sarunas Jasikevicius,1610612744,2006-07
1630211,Karim Mane,1628371,Jonathan Isaac,1610612753,2020-21
1630211,Karim Mane,1629643,Chuma Okeke,1610612753,2020-21
1630211,Karim Mane,1628964,Mo Bamba,1610612753,2020-21
1630211,Karim Mane,203487,Michael Carter-Williams,1610612753,2020-21
1630211,Karim Mane,1628407,Dwayne Bacon,1610612753,2020-21
1630211,Karim Mane,203516,James Ennis III,1610612753,2020-21
1630211,Karim Mane,1630181,R.J. Hampton,1610612753,2020-21
1630211,Karim Mane,203914,Gary Harris,1610612753,2020-21
1630211,Karim Mane,1628414,Sindarius Thornwell,1610612753,2020-21
1630211,Karim Mane,1629649,Ignas Brazdeikis,1610612753,2020-21
1630211,Karim Mane,1628365,Markelle Fultz,1610612753,2020-21
1630211,Karim Mane,1629021,Moritz Wagner,1610612753,2020-21
1630211,Karim Mane,203490,Otto Porter Jr.,1610612753,2020-21
1630211,Karim Mane,1626184,Chasson Randle,1610612753,2020-21
1630211,Karim Mane,203082,Terrence Ross,1610612753,2020-21
1630211,Karim Mane,1628976,Wendell Carter Jr.,1610612753,2020-21
1630211,Karim Mane,1630175,Cole Anthony,1610612753,2020-21
1629751,Dakota Mathias,1629001,De'Anthony Melton,1610612763,2021-22
1629751,Dakota Mathias,203937,Kyle Anderson,1610612763,2021-22
1629751,Dakota Mathias,1630214,Xavier Tillman,1610612763,2021-22
1629751,Dakota Mathias,1630179,Tyrell Terry,1610612763,2021-22
1629751,Dakota Mathias,203500,Steven Adams,1610612763,2021-22
1629751,Dakota Mathias,1630582,Yves Pons,1610612763,2021-22
1629751,Dakota Mathias,1630583,Santi Aldama,1610612763,2021-22
1629751,Dakota Mathias,1630533,Ziaire Williams,1610612763,2021-22
1629751,Dakota Mathias,1629630,Ja Morant,1610612763,2021-22
1629751,Dakota Mathias,1628991,Jaren Jackson Jr.,1610612763,2021-22
1629751,Dakota Mathias,1629634,Brandon Clarke,1610612763,2021-22
1629751,Dakota Mathias,1626145,Tyus Jones,1610612763,2021-22
1629751,Dakota Mathias,1630217,Desmond Bane,1610612763,2021-22
1629751,Dakota Mathias,1629633,Jarrett Culver,1610612763,2021-22
1629751,Dakota Mathias,1628415,Dillon Brooks,1610612763,2021-22
1629751,Dakota Mathias,1629681,Killian Tillie,1610612763,2021-22
1629751,Dakota Mathias,1629723,John Konchar,1610612763,2021-22
1629751,Dakota Mathias,1630178,Tyrese Maxey,1610612755,2020-21
1629751,Dakota Mathias,203118,Mike Scott,1610612755,2020-21
1629751,Dakota Mathias,1630198,Isaiah Joe,1610612755,2020-21
1629751,Dakota Mathias,1629730,Rayjon Tucker,1610612755,2020-21
1629751,Dakota Mathias,202699,Tobias Harris,1610612755,2020-21
1629751,Dakota Mathias,1629109,Gary Clark,1610612755,2020-21
1629751,Dakota Mathias,201980,Danny Green,1610612755,2020-21
1629751,Dakota Mathias,1629003,Shake Milton,1610612755,2020-21
1629751,Dakota Mathias,203954,Joel Embiid,1610612755,2020-21
1629751,Dakota Mathias,1629680,Matisse Thybulle,1610612755,2020-21
1629751,Dakota Mathias,1627732,Ben Simmons,1610612755,2020-21
1629751,Dakota Mathias,1627788,Furkan Korkmaz,1610612755,2020-21
1629751,Dakota Mathias,203552,Seth Curry,1610612755,2020-21
1629751,Dakota Mathias,201588,George Hill,1610612755,2020-21
1629751,Dakota Mathias,2730,Dwight Howard,1610612755,2020-21
1629751,Dakota Mathias,201229,Anthony Tolliver,1610612755,2020-21
1629751,Dakota Mathias,1630194,Paul Reed,1610612755,2020-21
1628769,Tahjere McCall,1629066,Rodions Kurucs,1610612751,2018-19
1628769,Tahjere McCall,1626156,D'Angelo Russell,1610612751,2018-19
1628769,Tahjere McCall,201162,Jared Dudley,1610612751,2018-19
1628769,Tahjere McCall,203915,Spencer Dinwiddie,1610612751,2018-19
1628769,Tahjere McCall,201960,DeMarre Carroll,1610612751,2018-19
1628769,Tahjere McCall,1629033,Theo Pinson,1610612751,2018-19
1628769,Tahjere McCall,203925,Joe Harris,1610612751,2018-19
1628769,Tahjere McCall,203894,Shabazz Napier,1610612751,2018-19
1628769,Tahjere McCall,1626210,Alan Williams,1610612751,2018-19
1628769,Tahjere McCall,202334,Ed Davis,1610612751,2018-19
1628769,Tahjere McCall,1626203,Treveon Graham,1610612751,2018-19
1628769,Tahjere McCall,1627747,Caris LeVert,1610612751,2018-19
1628769,Tahjere McCall,1626178,Rondae Hollis-Jefferson,1610612751,2018-19
1628769,Tahjere McCall,1629058,Dzanan Musa,1610612751,2018-19
1628769,Tahjere McCall,1628386,Jarrett Allen,1610612751,2018-19
1628769,Tahjere McCall,203459,Allen Crabbe,1610612751,2018-19
200840,Chris McCray,2696,Lynn Greer,1610612749,2006-07
200840,Chris McCray,101106,Andrew Bogut,1610612749,2006-07
200840,Chris McCray,1863,Earl Boykins,1610612749,2006-07
200840,Chris McCray,101141,Ersan Ilyasova,1610612749,2006-07
200840,Chris McCray,2250,Bobby Simmons,1610612749,2006-07
200840,Chris McCray,2072,Michael Redd,1610612749,2006-07
200840,Chris McCray,1739,Ruben Patterson,1610612749,2006-07
200840,Chris McCray,2590,Mo Williams,1610612749,2006-07
200840,Chris McCray,101111,Charlie Villanueva,1610612749,2006-07
200840,Chris McCray,200786,David Noel,1610612749,2006-07
200840,Chris McCray,2294,Charlie Bell,1610612749,2006-07
200840,Chris McCray,2429,Dan Gadzuric,1610612749,2006-07
200840,Chris McCray,200806,Damir Markota,1610612749,2006-07
200840,Chris McCray,1730,Brian Skinner,1610612749,2006-07
200840,Chris McCray,2876,Jared Reiner,1610612749,2006-07
1075,Michael McDonald,133,David Wesley,1610612766,1997-98
1075,Michael McDonald,140,Donald Royal,1610612766,1997-98
1075,Michael McDonald,462,J.R. Reid,1610612766,1997-98
1075,Michael McDonald,769,B.J. Armstrong,1610612766,1997-98
1075,Michael McDonald,124,Vlade Divac,1610612766,1997-98
1075,Michael McDonald,184,Bobby Phills,1610612766,1997-98
1075,Michael McDonald,193,Anthony Mason,1610612766,1997-98
1075,Michael McDonald,1133,Corey Beck,1610612766,1997-98
1075,Michael McDonald,209,Dell Curry,1610612766,1997-98
1075,Michael McDonald,1576,Travis Williams,1610612766,1997-98
1075,Michael McDonald,779,Glen Rice,1610612766,1997-98
1075,Michael McDonald,761,Matt Geiger,1610612766,1997-98
200829,Ivan McFarlin,2223,Samuel Dalembert,1610612755,2006-07
200829,Ivan McFarlin,1889,Andre Miller,1610612755,2006-07
200829,Ivan McFarlin,693,Joe Smith,1610612755,2006-07
200829,Ivan McFarlin,2738,Andre Iguodala,1610612755,2006-07
200829,Ivan McFarlin,200784,Bobby Jones,1610612755,2006-07
200829,Ivan McFarlin,1563,Kevin Ollie,1610612755,2006-07
200829,Ivan McFarlin,200811,Lou Amundson,1610612755,2006-07
200829,Ivan McFarlin,101150,Lou Williams,1610612755,2006-07
200829,Ivan McFarlin,200760,Rodney Carney,1610612755,2006-07
200829,Ivan McFarlin,2594,Kyle Korver,1610612755,2006-07
200829,Ivan McFarlin,2584,Willie Green,1610612755,2006-07
200829,Ivan McFarlin,101183,Shavlik Randolph,1610612755,2006-07
200829,Ivan McFarlin,673,Alan Henderson,1610612755,2006-07
200829,Ivan McFarlin,2212,Steven Hunter,1610612755,2006-07
1630787,Cameron McGriff,203081,Damian Lillard,1610612757,2021-22
1630787,Cameron McGriff,204060,Joe Ingles,1610612757,2021-22
1630787,Cameron McGriff,1629014,Anfernee Simons,1610612757,2021-22
1630787,Cameron McGriff,1630570,Trendon Watford,1610612757,2021-22
1630787,Cameron McGriff,1630535,Greg Brown III,1610612757,2021-22
1630787,Cameron McGriff,202339,Eric Bledsoe,1610612757,2021-22
1630787,Cameron McGriff,1630553,Keon Johnson,1610612757,2021-22
1630787,Cameron McGriff,1630314,Brandon Williams,1610612757,2021-22
1630787,Cameron McGriff,1629642,Nassir Little,1610612757,2021-22
1630787,Cameron McGriff,1628404,Josh Hart,1610612757,2021-22
1630787,Cameron McGriff,1629604,CJ Elleby,1610612757,2021-22
1630787,Cameron McGriff,1630190,Elijah Hughes,1610612757,2021-22
1630787,Cameron McGriff,1629833,Keljin Blevins,1610612757,2021-22
1630787,Cameron McGriff,203463,Ben McLemore,1610612757,2021-22
1630787,Cameron McGriff,1626159,Justise Winslow,1610612757,2021-22
1630787,Cameron McGriff,203994,Jusuf Nurkić,1610612757,2021-22
1630787,Cameron McGriff,1629712,Didi Louzada,1610612757,2021-22
203590,Trey McKinney-Jones,1627816,Alex Poythress,1610612754,2017-18
203590,Trey McKinney-Jones,202362,Lance Stephenson,1610612754,2017-18
203590,Trey McKinney-Jones,201954,Darren Collison,1610612754,2017-18
203590,Trey McKinney-Jones,1626202,Joe Young,1610612754,2017-18
203590,Trey McKinney-Jones,203506,Victor Oladipo,1610612754,2017-18
203590,Trey McKinney-Jones,1628410,Edmond Sumner,1610612754,2017-18
203590,Trey McKinney-Jones,202709,Cory Joseph,1610612754,2017-18
203590,Trey McKinney-Jones,1627734,Domantas Sabonis,1610612754,2017-18
203590,Trey McKinney-Jones,1628387,Ike Anigbogu,1610612754,2017-18
203590,Trey McKinney-Jones,202344,Trevor Booker,1610612754,2017-18
203590,Trey McKinney-Jones,201152,Thaddeus Young,1610612754,2017-18
203590,Trey McKinney-Jones,1628388,T.J. Leaf,1610612754,2017-18
203590,Trey McKinney-Jones,2744,Al Jefferson,1610612754,2017-18
203590,Trey McKinney-Jones,1628500,Ben Moore,1610612754,2017-18
203590,Trey McKinney-Jones,1626167,Myles Turner,1610612754,2017-18
203590,Trey McKinney-Jones,203922,Glenn Robinson III,1610612754,2017-18
203590,Trey McKinney-Jones,202711,Bojan Bogdanovic,1610612754,2017-18
1630605,JaQuori McLaughlin,1628425,Sterling Brown,1610612742,2021-22
1630605,JaQuori McLaughlin,1629033,Theo Pinson,1610612742,2021-22
1630605,JaQuori McLaughlin,203504,Trey Burke,1610612742,2021-22
1630605,JaQuori McLaughlin,1630589,Moses Wright,1610612742,2021-22
1630605,JaQuori McLaughlin,203939,Dwight Powell,1610612742,2021-22
1630605,JaQuori McLaughlin,1630182,Josh Green,1610612742,2021-22
1630605,JaQuori McLaughlin,1627827,Dorian Finney-Smith,1610612742,2021-22
1630605,JaQuori McLaughlin,203501,Tim Hardaway Jr.,1610612742,2021-22
1630605,JaQuori McLaughlin,1628973,Jalen Brunson,1610612742,2021-22
1630605,JaQuori McLaughlin,1628373,Frank Ntilikina,1610612742,2021-22
1630605,JaQuori McLaughlin,203493,Reggie Bullock Jr.,1610612742,2021-22
1630605,JaQuori McLaughlin,203915,Spencer Dinwiddie,1610612742,2021-22
1630605,JaQuori McLaughlin,1627737,Marquese Chriss,1610612742,2021-22
1630605,JaQuori McLaughlin,1628467,Maxi Kleber,1610612742,2021-22
1630605,JaQuori McLaughlin,202722,Davis Bertans,1610612742,2021-22
1630605,JaQuori McLaughlin,1626246,Boban Marjanovic,1610612742,2021-22
1630605,JaQuori McLaughlin,1629029,Luka Dončić,1610612742,2021-22
1641877,Nathan Mensah,1628970,Miles Bridges,1610612766,2023-24
1641877,Nathan Mensah,1630163,LaMelo Ball,1610612766,2023-24
1641877,Nathan Mensah,1629684,Grant Williams,1610612766,2023-24
1641877,Nathan Mensah,1630208,Nick Richards,1610612766,2023-24
1641877,Nathan Mensah,1631109,Mark Williams,1610612766,2023-24
1641877,Nathan Mensah,1631121,Bryce McGowens,1610612766,2023-24
1641877,Nathan Mensah,1641733,Nick Smith Jr.,1610612766,2023-24
1641877,Nathan Mensah,202722,Davis Bertans,1610612766,2023-24
1641877,Nathan Mensah,1641735,Amari Bailey,1610612766,2023-24
1641877,Nathan Mensah,1628998,Cody Martin,1610612766,2023-24
1641877,Nathan Mensah,1629716,Marques Bolden,1610612766,2023-24
1641877,Nathan Mensah,1641778,Leaky Black,1610612766,2023-24
1641877,Nathan Mensah,1630197,Aleksej Pokusevski,1610612766,2023-24
1641877,Nathan Mensah,1630550,JT Thor,1610612766,2023-24
1641877,Nathan Mensah,203995,Vasilije Micic,1610612766,2023-24
1641877,Nathan Mensah,1630544,Tre Mann,1610612766,2023-24
1641877,Nathan Mensah,1641706,Brandon Miller,1610612766,2023-24
1641877,Nathan Mensah,203552,Seth Curry,1610612766,2023-24
1628450,Eric Mika,1627812,Yogi Ferrell,1610612758,2019-20
1628450,Eric Mika,1628368,De'Aaron Fox,1610612758,2019-20
1628450,Eric Mika,1629657,Kyle Guy,1610612758,2019-20
1628450,Eric Mika,203992,Bogdan Bogdanović,1610612758,2019-20
1628450,Eric Mika,202709,Cory Joseph,1610612758,2019-20
1628450,Eric Mika,1629713,Justin James,1610612758,2019-20
1628450,Eric Mika,201147,Corey Brewer,1610612758,2019-20
1628450,Eric Mika,1629610,DaQuan Jeffries,1610612758,2019-20
1628450,Eric Mika,1628385,Harry Giles III,1610612758,2019-20
1628450,Eric Mika,1626158,Richaun Holmes,1610612758,2019-20
1628450,Eric Mika,1627741,Buddy Hield,1610612758,2019-20
1628450,Eric Mika,203458,Alex Len,1610612758,2019-20
1628450,Eric Mika,203145,Kent Bazemore,1610612758,2019-20
1628450,Eric Mika,203953,Jabari Parker,1610612758,2019-20
1628450,Eric Mika,1628963,Marvin Bagley III,1610612758,2019-20
1628450,Eric Mika,203084,Harrison Barnes,1610612758,2019-20
1628450,Eric Mika,202357,Nemanja Bjelica,1610612758,2019-20
101223,Aaron Miles,2211,Troy Murphy,1610612744,2005-06
101223,Aaron Miles,2554,Mickael Pietrus,1610612744,2005-06
101223,Aaron Miles,101198,Will Bynum,1610612744,2005-06
101223,Aaron Miles,965,Derek Fisher,1610612744,2005-06
101223,Aaron Miles,1884,Baron Davis,1610612744,2005-06
101223,Aaron Miles,101145,Monta Ellis,1610612744,2005-06
101223,Aaron Miles,101113,Ike Diogu,1610612744,2005-06
101223,Aaron Miles,2560,Zarko Cabarkapa,1610612744,2005-06
101223,Aaron Miles,2740,Andris Biedrins,1610612744,2005-06
101223,Aaron Miles,101147,Chris Taft,1610612744,2005-06
101223,Aaron Miles,2202,Jason Richardson,1610612744,2005-06
101223,Aaron Miles,1502,Adonal Foyle,1610612744,2005-06
101223,Aaron Miles,2399,Mike Dunleavy,1610612744,2005-06
101223,Aaron Miles,384,Calbert Cheaney,1610612744,2005-06
1954,Jason Miskiri,1884,Baron Davis,1610612766,1999-00
1954,Jason Miskiri,695,Eldridge Recasner,1610612766,1999-00
1954,Jason Miskiri,133,David Wesley,1610612766,1999-00
1954,Jason Miskiri,922,Elden Campbell,1610612766,1999-00
1954,Jason Miskiri,224,Eddie Jones,1610612766,1999-00
1954,Jason Miskiri,193,Anthony Mason,1610612766,1999-00
1954,Jason Miskiri,1729,Ricky Davis,1610612766,1999-00
1954,Jason Miskiri,359,Chucky Brown,1610612766,1999-00
1954,Jason Miskiri,1944,Eddie Robinson,1610612766,1999-00
1954,Jason Miskiri,1802,Brad Miller,1610612766,1999-00
1954,Jason Miskiri,934,Derrick Coleman,1610612766,1999-00
1954,Jason Miskiri,957,Todd Fuller,1610612766,1999-00
203183,Tony Mitchell,201564,O.J. Mayo,1610612749,2013-14
203183,Tony Mitchell,202327,Ekpe Udoh,1610612749,2013-14
203183,Tony Mitchell,203489,Nate Wolters,1610612749,2013-14
203183,Tony Mitchell,101141,Ersan Ilyasova,1610612749,2013-14
203183,Tony Mitchell,202336,Larry Sanders,1610612749,2013-14
203183,Tony Mitchell,203545,Miroslav Raduljica,1610612749,2013-14
203183,Tony Mitchell,2568,Carlos Delfino,1610612749,2013-14
203183,Tony Mitchell,202688,Brandon Knight,1610612749,2013-14
203183,Tony Mitchell,202399,Jeff Adrien,1610612749,2013-14
203183,Tony Mitchell,201196,Ramon Sessions,1610612749,2013-14
203183,Tony Mitchell,202874,Chris Wright,1610612749,2013-14
203183,Tony Mitchell,203114,Khris Middleton,1610612749,2013-14
203183,Tony Mitchell,2585,Zaza Pachulia,1610612749,2013-14
203183,Tony Mitchell,203089,John Henson,1610612749,2013-14
203183,Tony Mitchell,203507,Giannis Antetokounmpo,1610612749,2013-14
2752,Sergei Monia,949,Shareef Abdur-Rahim,1610612758,2005-06
2752,Sergei Monia,2078,Jason Hart,1610612758,2005-06
2752,Sergei Monia,101179,Ronnie Price,1610612758,2005-06
2752,Sergei Monia,1903,Kenny Thomas,1610612758,2005-06
2752,Sergei Monia,1710,Mike Bibby,1610612758,2005-06
2752,Sergei Monia,958,Vitaly Potapenko,1610612758,2005-06
2752,Sergei Monia,2755,Kevin Martin,1610612758,2005-06
2752,Sergei Monia,2441,Jamal Sampson,1610612758,2005-06
2752,Sergei Monia,101128,Francisco Garcia,1610612758,2005-06
2752,Sergei Monia,722,Corliss Williamson,1610612758,2005-06
2752,Sergei Monia,1719,Bonzi Wells,1610612758,2005-06
2752,Sergei Monia,1802,Brad Miller,1610612758,2005-06
2752,Sergei Monia,1897,Metta World Peace,1610612758,2005-06
2752,Sergei Monia,702,Voshon Lenard,1610612757,2005-06
2752,Sergei Monia,101127,Jarrett Jack,1610612757,2005-06
2752,Sergei Monia,2581,Steve Blake,1610612757,2005-06
2752,Sergei Monia,2413,Juan Dixon,1610612757,2005-06
2752,Sergei Monia,2775,Ha Ha,1610612757,2005-06
2752,Sergei Monia,101110,Martell Webster,1610612757,2005-06
2752,Sergei Monia,2038,Joel Przybilla,1610612757,2005-06
2752,Sergei Monia,2032,Darius Miles,1610612757,2005-06
2752,Sergei Monia,2566,Travis Outlaw,1610612757,2005-06
2752,Sergei Monia,2742,Sebastian Telfair,1610612757,2005-06
2752,Sergei Monia,2751,Viktor Khryapa,1610612757,2005-06
2752,Sergei Monia,689,Theo Ratliff,1610612757,2005-06
2752,Sergei Monia,2216,Zach Randolph,1610612757,2005-06
2752,Sergei Monia,1730,Brian Skinner,1610612757,2005-06
1630278,Ade Murkey,1628978,Donte DiVincenzo,1610612758,2021-22
1630278,Ade Murkey,1629056,Terence Davis,1610612758,2021-22
1630278,Ade Murkey,1628368,De'Aaron Fox,1610612758,2021-22
1630278,Ade Murkey,1629002,Chimezie Metu,1610612758,2021-22
1630278,Ade Murkey,203090,Maurice Harkless,1610612758,2021-22
1630278,Ade Murkey,203200,Justin Holiday,1610612758,2021-22
1630278,Ade Murkey,1627734,Domantas Sabonis,1610612758,2021-22
1630278,Ade Murkey,1630558,Davion Mitchell,1610612758,2021-22
1630278,Ade Murkey,1626158,Richaun Holmes,1610612758,2021-22
1630278,Ade Murkey,203458,Alex Len,1610612758,2021-22
1630278,Ade Murkey,203087,Jeremy Lamb,1610612758,2021-22
1630278,Ade Murkey,1627745,Damian Jones,1610612758,2021-22
1630278,Ade Murkey,203084,Harrison Barnes,1610612758,2021-22
1630278,Ade Murkey,1626168,Trey Lyles,1610612758,2021-22
1630278,Ade Murkey,1628367,Josh Jackson,1610612758,2021-22
1630278,Ade Murkey,1629674,Neemias Queta,1610612758,2021-22
101238,Boniface Ndong,962,Walter McCarty,1610612746,2005-06
101238,Boniface Ndong,101137,Daniel Ewing,1610612746,2005-06
101238,Boniface Ndong,1749,Cuttino Mobley,1610612746,2005-06
101238,Boniface Ndong,2209,Vladimir Radmanovic,1610612746,2005-06
101238,Boniface Ndong,1442,Zeljko Rebraca,1610612746,2005-06
101238,Boniface Ndong,2624,Quinton Ross,1610612746,2005-06
101238,Boniface Ndong,2733,Shaun Livingston,1610612746,2005-06
101238,Boniface Ndong,101189,James Singleton,1610612746,2005-06
101238,Boniface Ndong,208,Sam Cassell,1610612746,2005-06
101238,Boniface Ndong,452,Vin Baker,1610612746,2005-06
101238,Boniface Ndong,2549,Chris Kaman,1610612746,2005-06
101238,Boniface Ndong,1882,Elton Brand,1610612746,2005-06
101238,Boniface Ndong,1894,Corey Maggette,1610612746,2005-06
1129,Ruben Nembhard,278,Stacey Augmon,1610612757,1996-97
1129,Ruben Nembhard,361,Clifford Robinson,1610612757,1996-97
1129,Ruben Nembhard,979,Jermaine O'Neal,1610612757,1996-97
1129,Ruben Nembhard,348,Mitchell Butler,1610612757,1996-97
1129,Ruben Nembhard,72,Kenny Anderson,1610612757,1996-97
1129,Ruben Nembhard,112,Dontonio Wingfield,1610612757,1996-97
1129,Ruben Nembhard,717,Arvydas Sabonis,1610612757,1996-97
1129,Ruben Nembhard,716,Rumeal Robinson,1610612757,1996-97
1129,Ruben Nembhard,201,Chris Dudley,1610612757,1996-97
1129,Ruben Nembhard,739,Rasheed Wallace,1610612757,1996-97
1129,Ruben Nembhard,718,Gary Trent,1610612757,1996-97
1129,Ruben Nembhard,375,Isaiah Rider,1610612757,1996-97
1129,Ruben Nembhard,731,Greg Ostertag,1610612762,1996-97
1129,Ruben Nembhard,935,Bryon Russell,1610612762,1996-97
1129,Ruben Nembhard,458,Howard Eisley,1610612762,1996-97
1129,Ruben Nembhard,304,John Stockton,1610612762,1996-97
1129,Ruben Nembhard,204,Jeff Hornacek,1610612762,1996-97
1129,Ruben Nembhard,228,Adam Keefe,1610612762,1996-97
1129,Ruben Nembhard,252,Karl Malone,1610612762,1996-97
1129,Ruben Nembhard,356,Chris Morris,1610612762,1996-97
1129,Ruben Nembhard,1000,Shandon Anderson,1610612762,1996-97
1129,Ruben Nembhard,1128,Stephen Howard,1610612762,1996-97
1129,Ruben Nembhard,323,Greg Foster,1610612762,1996-97
1129,Ruben Nembhard,156,Antoine Carr,1610612762,1996-97
1629005,Malik Newman,201567,Kevin Love,1610612739,2021-22
1629005,Malik Newman,1629164,Brandon Goodwin,1610612739,2021-22
1629005,Malik Newman,200765,Rajon Rondo,1610612739,2021-22
1629005,Malik Newman,1629012,Collin Sexton,1610612739,2021-22
1629005,Malik Newman,1627747,Caris LeVert,1610612739,2021-22
1629005,Malik Newman,1630596,Evan Mobley,1610612739,2021-22
1629005,Malik Newman,1630612,Ruben Nembhard Jr.,1610612739,2021-22
1629005,Malik Newman,1629650,Moses Brown,1610612739,2021-22
1629005,Malik Newman,1630205,Lamar Stevens,1610612739,2021-22
1629005,Malik Newman,1629685,Dylan Windler,1610612739,2021-22
1629005,Malik Newman,1629636,Darius Garland,1610612739,2021-22
1629005,Malik Newman,1626224,Cedi Osman,1610612739,2021-22
1629005,Malik Newman,202334,Ed Davis,1610612739,2021-22
1629005,Malik Newman,1628374,Lauri Markkanen,1610612739,2021-22
1629005,Malik Newman,1628386,Jarrett Allen,1610612739,2021-22
1629005,Malik Newman,1629731,Dean Wade,1610612739,2021-22
1629005,Malik Newman,1630171,Isaac Okoro,1610612739,2021-22
1629005,Malik Newman,201567,Kevin Love,1610612739,2019-20
1629005,Malik Newman,203957,Danté Exum,1610612739,2019-20
1629005,Malik Newman,1629012,Collin Sexton,1610612739,2019-20
1629005,Malik Newman,203083,Andre Drummond,1610612739,2019-20
1629005,Malik Newman,1629645,Kevin Porter Jr.,1610612739,2019-20
1629005,Malik Newman,1628395,Jordan Bell,1610612739,2019-20
1629005,Malik Newman,1629685,Dylan Windler,1610612739,2019-20
1629005,Malik Newman,1629636,Darius Garland,1610612739,2019-20
1629005,Malik Newman,202684,Tristan Thompson,1610612739,2019-20
1629005,Malik Newman,1626224,Cedi Osman,1610612739,2019-20
1629005,Malik Newman,203521,Matthew Dellavedova,1610612739,2019-20
1629005,Malik Newman,1626204,Larry Nance Jr.,1610612739,2019-20
1629005,Malik Newman,1628035,Alfonzo McKinnie,1610612739,2019-20
1629005,Malik Newman,1629760,Matt Mooney,1610612739,2019-20
1629005,Malik Newman,1629731,Dean Wade,1610612739,2019-20
1629005,Malik Newman,1627790,Ante Zizic,1610612739,2019-20
1093,Gaylon Nickerson,393,Rod Strickland,1610612764,1996-97
1093,Gaylon Nickerson,185,Chris Webber,1610612764,1996-97
1093,Gaylon Nickerson,436,Juwan Howard,1610612764,1996-97
1093,Gaylon Nickerson,43,Chris Whitney,1610612764,1996-97
1093,Gaylon Nickerson,100,Tim Legler,1610612764,1996-97
1093,Gaylon Nickerson,1112,Ben Wallace,1610612764,1996-97
1093,Gaylon Nickerson,1114,Jaren Jackson,1610612764,1996-97
1093,Gaylon Nickerson,145,Tracy Murray,1610612764,1996-97
1093,Gaylon Nickerson,384,Calbert Cheaney,1610612764,1996-97
1093,Gaylon Nickerson,31,Lorenzo Williams,1610612764,1996-97
1093,Gaylon Nickerson,265,Harvey Grant,1610612764,1996-97
1093,Gaylon Nickerson,49,Gheorghe Muresan,1610612764,1996-97
1093,Gaylon Nickerson,724,Cory Alexander,1610612759,1996-97
1093,Gaylon Nickerson,42,Monty Williams,1610612759,1996-97
1093,Gaylon Nickerson,422,Avery Johnson,1610612759,1996-97
1093,Gaylon Nickerson,61,Carl Herrera,1610612759,1996-97
1093,Gaylon Nickerson,137,Vernon Maxwell,1610612759,1996-97
1093,Gaylon Nickerson,219,Vinny Del Negro,1610612759,1996-97
1093,Gaylon Nickerson,1122,Dominique Wilkins,1610612759,1996-97
1093,Gaylon Nickerson,251,Sean Elliott,1610612759,1996-97
1093,Gaylon Nickerson,246,Greg Anderson,1610612759,1996-97
1093,Gaylon Nickerson,781,Will Perdue,1610612759,1996-97
1093,Gaylon Nickerson,994,Jamie Feick,1610612759,1996-97
1093,Gaylon Nickerson,293,Charles Smith,1610612759,1996-97
999,Jeff Nordgaard,386,Elliot Perry,1610612749,1997-98
999,Jeff Nordgaard,210,Terrell Brandon,1610612749,1997-98
999,Jeff Nordgaard,1036,Litterial Green,1610612749,1997-98
999,Jeff Nordgaard,288,Armen Gilliam,1610612749,1997-98
999,Jeff Nordgaard,994,Jamie Feick,1610612749,1997-98
999,Jeff Nordgaard,688,Michael Curry,1610612749,1997-98
999,Jeff Nordgaard,894,Ricky Pierce,1610612749,1997-98
999,Jeff Nordgaard,1532,Jerald Honeycutt,1610612749,1997-98
999,Jeff Nordgaard,457,Andrew Lang,1610612749,1997-98
999,Jeff Nordgaard,951,Ray Allen,1610612749,1997-98
999,Jeff Nordgaard,911,Ervin Johnson,1610612749,1997-98
999,Jeff Nordgaard,238,Tyrone Hill,1610612749,1997-98
1629668,Zach Norvell Jr.,1627814,Damion Lee,1610612744,2019-20
1629668,Zach Norvell Jr.,1629673,Jordan Poole,1610612744,2019-20
1629668,Zach Norvell Jr.,1626172,Kevon Looney,1610612744,2019-20
1629668,Zach Norvell Jr.,1629346,Alen Smailagic,1610612744,2019-20
1629668,Zach Norvell Jr.,1629672,Eric Paschall,1610612744,2019-20
1629668,Zach Norvell Jr.,202691,Klay Thompson,1610612744,2019-20
1629668,Zach Norvell Jr.,1628539,Mychal Mulder,1610612744,2019-20
1629668,Zach Norvell Jr.,1629065,Ky Bowman,1610612744,2019-20
1629668,Zach Norvell Jr.,203952,Andrew Wiggins,1610612744,2019-20
1629668,Zach Norvell Jr.,203110,Draymond Green,1610612744,2019-20
1629668,Zach Norvell Jr.,201939,Stephen Curry,1610612744,2019-20
1629668,Zach Norvell Jr.,1627737,Marquese Chriss,1610612744,2019-20
1629668,Zach Norvell Jr.,1629308,Juan Toscano-Anderson,1610612744,2019-20
1629668,Zach Norvell Jr.,1628398,Kyle Kuzma,1610612747,2019-20
1629668,Zach Norvell Jr.,203484,Kentavious Caldwell-Pope,1610612747,2019-20
1629668,Zach Norvell Jr.,203076,Anthony Davis,1610612747,2019-20
1629668,Zach Norvell Jr.,1627936,Alex Caruso,1610612747,2019-20
1629668,Zach Norvell Jr.,1629659,Talen Horton-Tucker,1610612747,2019-20
1629668,Zach Norvell Jr.,201580,JaVale McGee,1610612747,2019-20
1629668,Zach Norvell Jr.,200765,Rajon Rondo,1610612747,2019-20
1629668,Zach Norvell Jr.,201162,Jared Dudley,1610612747,2019-20
1629668,Zach Norvell Jr.,202340,Avery Bradley,1610612747,2019-20
1629668,Zach Norvell Jr.,1629719,Devontae Cacok,1610612747,2019-20
1629668,Zach Norvell Jr.,201980,Danny Green,1610612747,2019-20
1629668,Zach Norvell Jr.,203079,Dion Waiters,1610612747,2019-20
1629668,Zach Norvell Jr.,2747,JR Smith,1610612747,2019-20
1629668,Zach Norvell Jr.,2544,LeBron James,1610612747,2019-20
1629668,Zach Norvell Jr.,1626188,Quinn Cook,1610612747,2019-20
1629668,Zach Norvell Jr.,1628961,Kostas Antetokounmpo,1610612747,2019-20
1629668,Zach Norvell Jr.,2730,Dwight Howard,1610612747,2019-20
1629668,Zach Norvell Jr.,202693,Markieff Morris,1610612747,2019-20
1641806,Markquis Nowell,1642013,Malik Williams,1610612761,2023-24
1641806,Markquis Nowell,1631241,Javon Freeman-Liberty,1610612761,2023-24
1641806,Markquis Nowell,1641711,Gradey Dick,1610612761,2023-24
1641806,Markquis Nowell,1629667,Jalen McDaniels,1610612761,2023-24
1641806,Markquis Nowell,1630618,D.J. Carton,1610612761,2023-24
1641806,Markquis Nowell,1630567,Scottie Barnes,1610612761,2023-24
1641806,Markquis Nowell,1630193,Immanuel Quickley,1610612761,2023-24
1641806,Markquis Nowell,1629628,RJ Barrett,1610612761,2023-24
1641806,Markquis Nowell,1628971,Bruce Brown,1610612761,2023-24
1641806,Markquis Nowell,1629670,Jordan Nwora,1610612761,2023-24
1641806,Markquis Nowell,1631338,Mouhamadou Gueye,1610612761,2023-24
1641806,Markquis Nowell,202066,Garrett Temple,1610612761,2023-24
1641806,Markquis Nowell,1627751,Jakob Poeltl,1610612761,2023-24
1641806,Markquis Nowell,1628449,Chris Boucher,1610612761,2023-24
1641806,Markquis Nowell,1630534,Ochai Agbaji,1610612761,2023-24
1641806,Markquis Nowell,1629018,Gary Trent Jr.,1610612761,2023-24
1641806,Markquis Nowell,203482,Kelly Olynyk,1610612761,2023-24
1626266,JJ O'Brien,204060,Joe Ingles,1610612762,2015-16
1626266,JJ O'Brien,203504,Trey Burke,1610612762,2015-16
1626266,JJ O'Brien,203918,Rodney Hood,1610612762,2015-16
1626266,JJ O'Brien,202714,Shelvin Mack,1610612762,2015-16
1626266,JJ O'Brien,202692,Alec Burks,1610612762,2015-16
1626266,JJ O'Brien,203957,Danté Exum,1610612762,2015-16
1626266,JJ O'Brien,202324,Derrick Favors,1610612762,2015-16
1626266,JJ O'Brien,202330,Gordon Hayward,1610612762,2015-16
1626266,JJ O'Brien,202353,Tibor Pleiss,1610612762,2015-16
1626266,JJ O'Brien,203187,Chris Johnson,1610612762,2015-16
1626266,JJ O'Brien,203481,Jeff Withey,1610612762,2015-16
1626266,JJ O'Brien,203526,Raul Neto,1610612762,2015-16
1626266,JJ O'Brien,203497,Rudy Gobert,1610612762,2015-16
1626266,JJ O'Brien,202344,Trevor Booker,1610612762,2015-16
1626266,JJ O'Brien,1626168,Trey Lyles,1610612762,2015-16
1628419,Cameron Oliver,1626153,Delon Wright,1610612737,2021-22
1628419,Cameron Oliver,1630552,Jalen Johnson,1610612737,2021-22
1628419,Cameron Oliver,1630536,Sharife Cooper,1610612737,2021-22
1628419,Cameron Oliver,1628989,Kevin Huerter,1610612737,2021-22
1628419,Cameron Oliver,1630219,Skylar Mays,1610612737,2021-22
1628419,Cameron Oliver,1628995,Kevin Knox II,1610612737,2021-22
1628419,Cameron Oliver,101150,Lou Williams,1610612737,2021-22
1628419,Cameron Oliver,1627789,Timothe Luwawu-Cabarrot,1610612737,2021-22
1628419,Cameron Oliver,201568,Danilo Gallinari,1610612737,2021-22
1628419,Cameron Oliver,203476,Gorgui Dieng,1610612737,2021-22
1628419,Cameron Oliver,1629027,Trae Young,1610612737,2021-22
1628419,Cameron Oliver,1629631,De'Andre Hunter,1610612737,2021-22
1628419,Cameron Oliver,203992,Bogdan Bogdanović,1610612737,2021-22
1628419,Cameron Oliver,203991,Clint Capela,1610612737,2021-22
1628419,Cameron Oliver,1630168,Onyeka Okongwu,1610612737,2021-22
1628419,Cameron Oliver,1628381,John Collins,1610612737,2021-22
1628419,Cameron Oliver,1630602,Chaundee Brown Jr.,1610612737,2021-22
1628419,Cameron Oliver,1628391,D.J. Wilson,1610612745,2020-21
1628419,Cameron Oliver,1628425,Sterling Brown,1610612745,2020-21
1628419,Cameron Oliver,202322,John Wall,1610612745,2020-21
1628419,Cameron Oliver,1628021,David Nwaba,1610612745,2020-21
1628419,Cameron Oliver,1629645,Kevin Porter Jr.,1610612745,2020-21
1628419,Cameron Oliver,1627863,Danuel House Jr.,1610612745,2020-21
1628419,Cameron Oliver,203957,Danté Exum,1610612745,2020-21
1628419,Cameron Oliver,1630231,KJ Martin,1610612745,2020-21
1628419,Cameron Oliver,1629717,Armoni Brooks,1610612745,2020-21
1628419,Cameron Oliver,1630256,Jae'Sean Tate,1610612745,2020-21
1628419,Cameron Oliver,202340,Avery Bradley,1610612745,2020-21
1628419,Cameron Oliver,201569,Eric Gordon,1610612745,2020-21
1628419,Cameron Oliver,1629017,Khyri Thomas,1610612745,2020-21
1628419,Cameron Oliver,201571,D.J. Augustin,1610612745,2020-21
1628419,Cameron Oliver,1630237,Anthony Lamb,1610612745,2020-21
1628419,Cameron Oliver,1626174,Christian Wood,1610612745,2020-21
1628419,Cameron Oliver,203482,Kelly Olynyk,1610612745,2020-21
1629873,Jaysean Paige,1630595,Cade Cunningham,1610612765,2021-22
1629873,Jaysean Paige,1629035,Carsen Edwards,1610612765,2021-22
1629873,Jaysean Paige,1628402,Frank Jackson,1610612765,2021-22
1629873,Jaysean Paige,1628977,Hamidou Diallo,1610612765,2021-22
1629873,Jaysean Paige,1630165,Killian Hayes,1610612765,2021-22
1629873,Jaysean Paige,203924,Jerami Grant,1610612765,2021-22
1629873,Jaysean Paige,1630587,Isaiah Livers,1610612765,2021-22
1629873,Jaysean Paige,203482,Kelly Olynyk,1610612765,2021-22
1629873,Jaysean Paige,203585,Rodney McGruder,1610612765,2021-22
1629873,Jaysean Paige,1630296,Braxton Key,1610612765,2021-22
1629873,Jaysean Paige,202709,Cory Joseph,1610612765,2021-22
1629873,Jaysean Paige,1630691,Jamorko Pickett,1610612765,2021-22
1629873,Jaysean Paige,1630191,Isaiah Stewart,1610612765,2021-22
1629873,Jaysean Paige,1628963,Marvin Bagley III,1610612765,2021-22
1629873,Jaysean Paige,1630240,Saben Lee,1610612765,2021-22
1629873,Jaysean Paige,1630180,Saddiq Bey,1610612765,2021-22
1629873,Jaysean Paige,1630568,Luka Garza,1610612765,2021-22
1629309,Trayvon Palmer,1630595,Cade Cunningham,1610612765,2021-22
1629309,Trayvon Palmer,1629035,Carsen Edwards,1610612765,2021-22
1629309,Trayvon Palmer,1628402,Frank Jackson,1610612765,2021-22
1629309,Trayvon Palmer,1628977,Hamidou Diallo,1610612765,2021-22
1629309,Trayvon Palmer,1630165,Killian Hayes,1610612765,2021-22
1629309,Trayvon Palmer,203924,Jerami Grant,1610612765,2021-22
1629309,Trayvon Palmer,1630587,Isaiah Livers,1610612765,2021-22
1629309,Trayvon Palmer,203482,Kelly Olynyk,1610612765,2021-22
1629309,Trayvon Palmer,203585,Rodney McGruder,1610612765,2021-22
1629309,Trayvon Palmer,1630296,Braxton Key,1610612765,2021-22
1629309,Trayvon Palmer,202709,Cory Joseph,1610612765,2021-22
1629309,Trayvon Palmer,1630691,Jamorko Pickett,1610612765,2021-22
1629309,Trayvon Palmer,1630191,Isaiah Stewart,1610612765,2021-22
1629309,Trayvon Palmer,1628963,Marvin Bagley III,1610612765,2021-22
1629309,Trayvon Palmer,1630240,Saben Lee,1610612765,2021-22
1629309,Trayvon Palmer,1630180,Saddiq Bey,1610612765,2021-22
1629309,Trayvon Palmer,1630568,Luka Garza,1610612765,2021-22
1630698,Kevin Pangos,201567,Kevin Love,1610612739,2021-22
1630698,Kevin Pangos,1629164,Brandon Goodwin,1610612739,2021-22
1630698,Kevin Pangos,200765,Rajon Rondo,1610612739,2021-22
1630698,Kevin Pangos,1629012,Collin Sexton,1610612739,2021-22
1630698,Kevin Pangos,1627747,Caris LeVert,1610612739,2021-22
1630698,Kevin Pangos,1630596,Evan Mobley,1610612739,2021-22
1630698,Kevin Pangos,1630612,Ruben Nembhard Jr.,1610612739,2021-22
1630698,Kevin Pangos,1629650,Moses Brown,1610612739,2021-22
1630698,Kevin Pangos,1630205,Lamar Stevens,1610612739,2021-22
1630698,Kevin Pangos,1629685,Dylan Windler,1610612739,2021-22
1630698,Kevin Pangos,1629636,Darius Garland,1610612739,2021-22
1630698,Kevin Pangos,1626224,Cedi Osman,1610612739,2021-22
1630698,Kevin Pangos,202334,Ed Davis,1610612739,2021-22
1630698,Kevin Pangos,1628374,Lauri Markkanen,1610612739,2021-22
1630698,Kevin Pangos,1628386,Jarrett Allen,1610612739,2021-22
1630698,Kevin Pangos,1629731,Dean Wade,1610612739,2021-22
1630698,Kevin Pangos,1630171,Isaac Okoro,1610612739,2021-22
1950,Andy Panko,2035,DerMarr Johnson,1610612737,2000-01
1950,Andy Panko,1737,Nazr Mohammed,1610612737,2000-01
1950,Andy Panko,1898,Cal Bowdler,1610612737,2000-01
1950,Andy Panko,1544,Chris Crawford,1610612737,2000-01
1950,Andy Panko,1901,Dion Glover,1610612737,2000-01
1950,Andy Panko,389,Toni Kukoc,1610612737,2000-01
1950,Andy Panko,1074,Matt Maloney,1610612737,2000-01
1950,Andy Panko,2069,Hanno Mottola,1610612737,2000-01
1950,Andy Panko,1510,Brevin Knight,1610612737,2000-01
1950,Andy Panko,1891,Jason Terry,1610612737,2000-01
1950,Andy Panko,953,Lorenzen Wright,1610612737,2000-01
1950,Andy Panko,673,Alan Henderson,1610612737,2000-01
2130,Mike Penberthy,965,Derek Fisher,1610612747,2001-02
2130,Mike Penberthy,1904,Devean George,1610612747,2001-02
2130,Mike Penberthy,109,Robert Horry,1610612747,2001-02
2130,Mike Penberthy,977,Kobe Bryant,1610612747,2001-02
2130,Mike Penberthy,283,Lindsey Hunter,1610612747,2001-02
2130,Mike Penberthy,2098,Slava Medvedenko,1610612747,2001-02
2130,Mike Penberthy,296,Rick Fox,1610612747,2001-02
2130,Mike Penberthy,216,Brian Shaw,1610612747,2001-02
2130,Mike Penberthy,782,Mitch Richmond,1610612747,2001-02
2130,Mike Penberthy,406,Shaquille O'Neal,1610612747,2001-02
2130,Mike Penberthy,2058,Mark Madsen,1610612747,2001-02
2130,Mike Penberthy,955,Samaki Walker,1610612747,2001-02
2130,Mike Penberthy,965,Derek Fisher,1610612747,2000-01
2130,Mike Penberthy,1904,Devean George,1610612747,2000-01
2130,Mike Penberthy,166,Ron Harper,1610612747,2000-01
2130,Mike Penberthy,109,Robert Horry,1610612747,2000-01
2130,Mike Penberthy,977,Kobe Bryant,1610612747,2000-01
2130,Mike Penberthy,1731,Tyronn Lue,1610612747,2000-01
2130,Mike Penberthy,296,Rick Fox,1610612747,2000-01
2130,Mike Penberthy,216,Brian Shaw,1610612747,2000-01
2130,Mike Penberthy,406,Shaquille O'Neal,1610612747,2000-01
2130,Mike Penberthy,2058,Mark Madsen,1610612747,2000-01
2130,Mike Penberthy,323,Greg Foster,1610612747,2000-01
2130,Mike Penberthy,270,Horace Grant,1610612747,2000-01
2667,Desmond Penigar,2400,Drew Gooden,1610612753,2003-04
2667,Desmond Penigar,1503,Tracy McGrady,1610612753,2003-04
2667,Desmond Penigar,2052,DeShawn Stevenson,1610612753,2003-04
2667,Desmond Penigar,436,Juwan Howard,1610612753,2003-04
2667,Desmond Penigar,1727,Pat Garrity,1610612753,2003-04
2667,Desmond Penigar,1731,Tyronn Lue,1610612753,2003-04
2667,Desmond Penigar,2586,Keith Bogans,1610612753,2003-04
2667,Desmond Penigar,1760,Derrick Dial,1610612753,2003-04
2667,Desmond Penigar,2558,Reece Gaines,1610612753,2003-04
2667,Desmond Penigar,2585,Zaza Pachulia,1610612753,2003-04
2667,Desmond Penigar,2639,Britton Johnsen,1610612753,2003-04
2667,Desmond Penigar,255,Grant Hill,1610612753,2003-04
2667,Desmond Penigar,2212,Steven Hunter,1610612753,2003-04
2667,Desmond Penigar,399,Sean Rooks,1610612753,2003-04
2667,Desmond Penigar,692,Andrew DeClercq,1610612753,2003-04
2632,Kirk Penney,2763,Lionel Chalmers,1610612746,2004-05
2632,Kirk Penney,1594,Rick Brunson,1610612746,2004-05
2632,Kirk Penney,1442,Zeljko Rebraca,1610612746,2004-05
2632,Kirk Penney,2624,Quinton Ross,1610612746,2004-05
2632,Kirk Penney,2733,Shaun Livingston,1610612746,2004-05
2632,Kirk Penney,2060,Marko Jaric,1610612746,2004-05
2632,Kirk Penney,2250,Bobby Simmons,1610612746,2004-05
2632,Kirk Penney,1630,Mikki Moore,1610612746,2004-05
2632,Kirk Penney,2055,Mamadou N'diaye,1610612746,2004-05
2632,Kirk Penney,2549,Chris Kaman,1610612746,2004-05
2632,Kirk Penney,1882,Elton Brand,1610612746,2004-05
2632,Kirk Penney,2404,Chris Wilcox,1610612746,2004-05
2632,Kirk Penney,2254,Loren Woods,1610612748,2003-04
2632,Kirk Penney,2548,Dwyane Wade,1610612748,2003-04
2632,Kirk Penney,2406,Caron Butler,1610612748,2003-04
2632,Kirk Penney,224,Eddie Jones,1610612748,2003-04
2632,Kirk Penney,1885,Lamar Odom,1610612748,2003-04
2632,Kirk Penney,1747,Rafer Alston,1610612748,2003-04
2632,Kirk Penney,902,Bimbo Coles,1610612748,2003-04
2632,Kirk Penney,1917,Wang Zhi-zhi,1610612748,2003-04
2632,Kirk Penney,961,John Wallace,1610612748,2003-04
2632,Kirk Penney,2602,Jerome Beasley,1610612748,2003-04
2632,Kirk Penney,2124,Malik Allen,1610612748,2003-04
2632,Kirk Penney,2617,Udonis Haslem,1610612748,2003-04
2632,Kirk Penney,258,Brian Grant,1610612748,2003-04
2632,Kirk Penney,2446,Rasual Butler,1610612748,2003-04
2632,Kirk Penney,955,Samaki Walker,1610612748,2003-04
1641970,Maozinha Pereira,1630692,Jordan Goodwin,1610612763,2023-24
1641970,Maozinha Pereira,1630590,Scotty Pippen Jr.,1610612763,2023-24
1641970,Maozinha Pereira,1631222,Jake LaRavia,1610612763,2023-24
1641970,Maozinha Pereira,1631246,Vince Williams Jr.,1610612763,2023-24
1641970,Maozinha Pereira,1630583,Santi Aldama,1610612763,2023-24
1641970,Maozinha Pereira,1630533,Ziaire Williams,1610612763,2023-24
1641970,Maozinha Pereira,1628379,Luke Kennard,1610612763,2023-24
1641970,Maozinha Pereira,1629630,Ja Morant,1610612763,2023-24
1641970,Maozinha Pereira,1628991,Jaren Jackson Jr.,1610612763,2023-24
1641970,Maozinha Pereira,1629634,Brandon Clarke,1610612763,2023-24
1641970,Maozinha Pereira,1629139,Yuta Watanabe,1610612763,2023-24
1641970,Maozinha Pereira,1630217,Desmond Bane,1610612763,2023-24
1641970,Maozinha Pereira,201565,Derrick Rose,1610612763,2023-24
1641970,Maozinha Pereira,1630205,Lamar Stevens,1610612763,2023-24
1641970,Maozinha Pereira,203935,Marcus Smart,1610612763,2023-24
1641970,Maozinha Pereira,1641713,GG Jackson,1610612763,2023-24
1641970,Maozinha Pereira,1629723,John Konchar,1610612763,2023-24
1641970,Maozinha Pereira,1641998,Trey Jemison III,1610612763,2023-24
1628506,London Perrantes,201567,Kevin Love,1610612739,2017-18
1628506,London Perrantes,203918,Rodney Hood,1610612739,2017-18
1628506,London Perrantes,201588,George Hill,1610612739,2017-18
1628506,London Perrantes,2747,JR Smith,1610612739,2017-18
1628506,London Perrantes,203903,Jordan Clarkson,1610612739,2017-18
1628506,London Perrantes,202684,Tristan Thompson,1610612739,2017-18
1628506,London Perrantes,1627855,Okaro White,1610612739,2017-18
1628506,London Perrantes,1626224,Cedi Osman,1610612739,2017-18
1628506,London Perrantes,2570,Kendrick Perkins,1610612739,2017-18
1628506,London Perrantes,1626204,Larry Nance Jr.,1610612739,2017-18
1628506,London Perrantes,2544,LeBron James,1610612739,2017-18
1628506,London Perrantes,2594,Kyle Korver,1610612739,2017-18
1628506,London Perrantes,201145,Jeff Green,1610612739,2017-18
1628506,London Perrantes,1627790,Ante Zizic,1610612739,2017-18
1628506,London Perrantes,101181,Jose Calderon,1610612739,2017-18
1630196,Filip Petrusev,201580,JaVale McGee,1610612758,2023-24
1630196,Filip Petrusev,1628370,Malik Monk,1610612758,2023-24
1630196,Filip Petrusev,1630537,Chris Duarte,1610612758,2023-24
1630196,Filip Petrusev,1628368,De'Aaron Fox,1610612758,2023-24
1630196,Filip Petrusev,1628426,Sasha Vezenkov,1610612758,2023-24
1630196,Filip Petrusev,1630222,Mason Jones,1610612758,2023-24
1630196,Filip Petrusev,1628989,Kevin Huerter,1610612758,2023-24
1630196,Filip Petrusev,1627734,Domantas Sabonis,1610612758,2023-24
1630196,Filip Petrusev,1631099,Keegan Murray,1610612758,2023-24
1630196,Filip Petrusev,1630558,Davion Mitchell,1610612758,2023-24
1630196,Filip Petrusev,1630556,Kessler Edwards,1610612758,2023-24
1630196,Filip Petrusev,1641771,Jalen Slawson,1610612758,2023-24
1630196,Filip Petrusev,1641732,Colby Jones,1610612758,2023-24
1630196,Filip Petrusev,1631165,Keon Ellis,1610612758,2023-24
1630196,Filip Petrusev,203458,Alex Len,1610612758,2023-24
1630196,Filip Petrusev,1630259,Jordan Ford,1610612758,2023-24
1630196,Filip Petrusev,203084,Harrison Barnes,1610612758,2023-24
1630196,Filip Petrusev,1626168,Trey Lyles,1610612758,2023-24
1630196,Filip Petrusev,1630178,Tyrese Maxey,1610612755,2023-24
1630196,Filip Petrusev,1630231,KJ Martin,1610612755,2023-24
1630196,Filip Petrusev,1628964,Mo Bamba,1610612755,2023-24
1630196,Filip Petrusev,200768,Kyle Lowry,1610612755,2023-24
1630196,Filip Petrusev,1629001,De'Anthony Melton,1610612755,2023-24
1630196,Filip Petrusev,1626162,Kelly Oubre Jr.,1610612755,2023-24
1630196,Filip Petrusev,1630288,Jeff Dowtin Jr.,1610612755,2023-24
1630196,Filip Petrusev,202699,Tobias Harris,1610612755,2023-24
1630196,Filip Petrusev,1641741,Ricky Council IV,1610612755,2023-24
1630196,Filip Petrusev,1627741,Buddy Hield,1610612755,2023-24
1630196,Filip Petrusev,203954,Joel Embiid,1610612755,2023-24
1630196,Filip Petrusev,1626166,Cameron Payne,1610612755,2023-24
1630196,Filip Petrusev,1631173,Terquavion Smith,1610612755,2023-24
1630196,Filip Petrusev,203496,Robert Covington,1610612755,2023-24
1630196,Filip Petrusev,201587,Nicolas Batum,1610612755,2023-24
1630196,Filip Petrusev,1630194,Paul Reed,1610612755,2023-24
200838,Kevinn Pinkney,200796,Leon Powe,1610612738,2006-07
200838,Kevinn Pinkney,101155,Ryan Gomes,1610612738,2006-07
200838,Kevinn Pinkney,101123,Gerald Green,1610612738,2006-07
200838,Kevinn Pinkney,2744,Al Jefferson,1610612738,2006-07
200838,Kevinn Pinkney,200765,Rajon Rondo,1610612738,2006-07
200838,Kevinn Pinkney,200810,Allan Ray,1610612738,2006-07
200838,Kevinn Pinkney,2753,Delonte West,1610612738,2006-07
200838,Kevinn Pinkney,2742,Sebastian Telfair,1610612738,2006-07
200838,Kevinn Pinkney,1718,Paul Pierce,1610612738,2006-07
200838,Kevinn Pinkney,1709,Michael Olowokandi,1610612738,2006-07
200838,Kevinn Pinkney,2754,Tony Allen,1610612738,2006-07
200838,Kevinn Pinkney,2570,Kendrick Perkins,1610612738,2006-07
200838,Kevinn Pinkney,2243,Brian Scalabrine,1610612738,2006-07
200838,Kevinn Pinkney,689,Theo Ratliff,1610612738,2006-07
200838,Kevinn Pinkney,1887,Wally Szczerbiak,1610612738,2006-07
2750,Pavel Podkolzin,1496,Keith Van Horn,1610612742,2005-06
2750,Pavel Podkolzin,2572,Josh Howard,1610612742,2005-06
2750,Pavel Podkolzin,2605,Marquis Daniels,1610612742,2005-06
2750,Pavel Podkolzin,2205,DeSagana Diop,1610612742,2005-06
2750,Pavel Podkolzin,353,Darrell Armstrong,1610612742,2005-06
2750,Pavel Podkolzin,956,Erick Dampier,1610612742,2005-06
2750,Pavel Podkolzin,2788,DJ Mbenga,1610612742,2005-06
2750,Pavel Podkolzin,1891,Jason Terry,1610612742,2005-06
2750,Pavel Podkolzin,2694,Josh Powell,1610612742,2005-06
2750,Pavel Podkolzin,2734,Devin Harris,1610612742,2005-06
2750,Pavel Podkolzin,1717,Dirk Nowitzki,1610612742,2005-06
2750,Pavel Podkolzin,711,Jerry Stackhouse,1610612742,2005-06
2750,Pavel Podkolzin,1559,Adrian Griffin,1610612742,2005-06
2750,Pavel Podkolzin,1496,Keith Van Horn,1610612742,2004-05
2750,Pavel Podkolzin,714,Michael Finley,1610612742,2004-05
2750,Pavel Podkolzin,2572,Josh Howard,1610612742,2004-05
2750,Pavel Podkolzin,2605,Marquis Daniels,1610612742,2004-05
2750,Pavel Podkolzin,353,Darrell Armstrong,1610612742,2004-05
2750,Pavel Podkolzin,956,Erick Dampier,1610612742,2004-05
2750,Pavel Podkolzin,1891,Jason Terry,1610612742,2004-05
2750,Pavel Podkolzin,2734,Devin Harris,1610612742,2004-05
2750,Pavel Podkolzin,1717,Dirk Nowitzki,1610612742,2004-05
2750,Pavel Podkolzin,711,Jerry Stackhouse,1610612742,2004-05
2750,Pavel Podkolzin,762,Shawn Bradley,1610612742,2004-05
2750,Pavel Podkolzin,673,Alan Henderson,1610612742,2004-05
1629044,Shamorie Ponds,1629056,Terence Davis,1610612761,2019-20
1629044,Shamorie Ponds,1628778,Paul Watson,1610612761,2019-20
1629044,Shamorie Ponds,1628384,OG Anunoby,1610612761,2019-20
1629044,Shamorie Ponds,1626178,Rondae Hollis-Jefferson,1610612761,2019-20
1629044,Shamorie Ponds,1626169,Stanley Johnson,1610612761,2019-20
1629044,Shamorie Ponds,200768,Kyle Lowry,1610612761,2019-20
1629044,Shamorie Ponds,201586,Serge Ibaka,1610612761,2019-20
1629044,Shamorie Ponds,1629052,Oshae Brissett,1610612761,2019-20
1629044,Shamorie Ponds,1626259,Malcolm Miller,1610612761,2019-20
1629044,Shamorie Ponds,1629608,Dewan Hernandez,1610612761,2019-20
1629044,Shamorie Ponds,1629744,Matt Thomas,1610612761,2019-20
1629044,Shamorie Ponds,1627775,Patrick McCaw,1610612761,2019-20
1629044,Shamorie Ponds,1627832,Fred VanVleet,1610612761,2019-20
1629044,Shamorie Ponds,1626181,Norman Powell,1610612761,2019-20
1629044,Shamorie Ponds,1628449,Chris Boucher,1610612761,2019-20
1629044,Shamorie Ponds,201188,Marc Gasol,1610612761,2019-20
1629044,Shamorie Ponds,1627783,Pascal Siakam,1610612761,2019-20
101232,Roger Powell,965,Derek Fisher,1610612762,2006-07
101232,Roger Powell,2430,Carlos Boozer,1610612762,2006-07
101232,Roger Powell,101114,Deron Williams,1610612762,2006-07
101232,Roger Powell,200758,Ronnie Brewer,1610612762,2006-07
101232,Roger Powell,1921,Gordan Giricek,1610612762,2006-07
101232,Roger Powell,200793,Dee Brown,1610612762,2006-07
101232,Roger Powell,2246,Mehmet Okur,1610612762,2006-07
101232,Roger Powell,1723,Matt Harpring,1610612762,2006-07
101232,Roger Powell,200794,Paul Millsap,1610612762,2006-07
101232,Roger Powell,2260,Jarron Collins,1610612762,2006-07
101232,Roger Powell,101139,CJ Miles,1610612762,2006-07
101232,Roger Powell,1905,Andrei Kirilenko,1610612762,2006-07
101232,Roger Powell,2737,Rafael Araujo,1610612762,2006-07
1626643,Jacob Pullen,201573,Jerryd Bayless,1610612755,2017-18
1626643,Jacob Pullen,1626147,Justin Anderson,1610612755,2017-18
1626643,Jacob Pullen,101161,Amir Johnson,1610612755,2017-18
1626643,Jacob Pullen,1627789,Timothe Luwawu-Cabarrot,1610612755,2017-18
1626643,Jacob Pullen,203967,Dario Šarić,1610612755,2017-18
1626643,Jacob Pullen,1627743,Demetrius Jackson,1610612755,2017-18
1626643,Jacob Pullen,204456,T.J. McConnell,1610612755,2017-18
1626643,Jacob Pullen,200755,JJ Redick,1610612755,2017-18
1626643,Jacob Pullen,201158,Marco Belinelli,1610612755,2017-18
1626643,Jacob Pullen,1628365,Markelle Fultz,1610612755,2017-18
1626643,Jacob Pullen,203954,Joel Embiid,1610612755,2017-18
1626643,Jacob Pullen,1626158,Richaun Holmes,1610612755,2017-18
1626643,Jacob Pullen,101141,Ersan Ilyasova,1610612755,2017-18
1626643,Jacob Pullen,1627732,Ben Simmons,1610612755,2017-18
1626643,Jacob Pullen,1627788,Furkan Korkmaz,1610612755,2017-18
1626643,Jacob Pullen,203496,Robert Covington,1610612755,2017-18
1893,Aleksandar Radojevic,988,Randy Livingston,1610612762,2004-05
1893,Aleksandar Radojevic,2745,Kirk Snyder,1610612762,2004-05
1893,Aleksandar Radojevic,458,Howard Eisley,1610612762,2004-05
1893,Aleksandar Radojevic,1921,Gordan Giricek,1610612762,2004-05
1893,Aleksandar Radojevic,2246,Mehmet Okur,1610612762,2004-05
1893,Aleksandar Radojevic,1723,Matt Harpring,1610612762,2004-05
1893,Aleksandar Radojevic,1952,Raja Bell,1610612762,2004-05
1893,Aleksandar Radojevic,2414,Curtis Borchardt,1610612762,2004-05
1893,Aleksandar Radojevic,2693,Keith McLeod,1610612762,2004-05
1893,Aleksandar Radojevic,2260,Jarron Collins,1610612762,2004-05
1893,Aleksandar Radojevic,2743,Kris Humphries,1610612762,2004-05
1893,Aleksandar Radojevic,1052,Ben Handlogten,1610612762,2004-05
1893,Aleksandar Radojevic,1503,Tracy McGrady,1610612761,1999-00
1893,Aleksandar Radojevic,1565,Michael Stewart,1610612761,1999-00
1893,Aleksandar Radojevic,244,Dee Brown,1610612761,1999-00
1893,Aleksandar Radojevic,1519,John Thomas,1610612761,1999-00
1893,Aleksandar Radojevic,57,Doug Christie,1610612761,1999-00
1893,Aleksandar Radojevic,177,Muggsy Bogues,1610612761,1999-00
1893,Aleksandar Radojevic,1713,Vince Carter,1610612761,1999-00
1893,Aleksandar Radojevic,1541,Alvin Williams,1610612761,1999-00
1893,Aleksandar Radojevic,209,Dell Curry,1610612761,1999-00
1893,Aleksandar Radojevic,213,Antonio Davis,1610612761,1999-00
1893,Aleksandar Radojevic,891,Charles Oakley,1610612761,1999-00
1893,Aleksandar Radojevic,788,Kevin Willis,1610612761,1999-00
2762,Peter John Ramos,2240,Gilbert Arenas,1610612764,2004-05
2762,Peter John Ramos,2407,Jared Jeffries,1610612764,2004-05
2762,Peter John Ramos,2581,Steve Blake,1610612764,2004-05
2762,Peter John Ramos,2413,Juan Dixon,1610612764,2004-05
2762,Peter John Ramos,1712,Antawn Jamison,1610612764,2004-05
2762,Peter John Ramos,2198,Kwame Brown,1610612764,2004-05
2762,Peter John Ramos,1919,Laron Profit,1610612764,2004-05
2762,Peter John Ramos,324,Anthony Peeler,1610612764,2004-05
2762,Peter John Ramos,1716,Larry Hughes,1610612764,2004-05
2762,Peter John Ramos,2217,Brendan Haywood,1610612764,2004-05
2762,Peter John Ramos,2041,Etan Thomas,1610612764,2004-05
2762,Peter John Ramos,1913,Michael Ruffin,1610612764,2004-05
1628504,Xavier Rathan-Mayes,203210,JaMychal Green,1610612763,2017-18
1628504,Xavier Rathan-Mayes,1626185,Jarell Martin,1610612763,2017-18
1628504,Xavier Rathan-Mayes,1628424,Kobi Simmons,1610612763,2017-18
1628504,Xavier Rathan-Mayes,1627362,Briante Weber,1610612763,2017-18
1628504,Xavier Rathan-Mayes,1627988,Myke Henry,1610612763,2017-18
1628504,Xavier Rathan-Mayes,1626150,Andrew Harrison,1610612763,2017-18
1628504,Xavier Rathan-Mayes,201596,Mario Chalmers,1610612763,2017-18
1628504,Xavier Rathan-Mayes,1627782,Wayne Selden,1610612763,2017-18
1628504,Xavier Rathan-Mayes,202705,MarShon Brooks,1610612763,2017-18
1628504,Xavier Rathan-Mayes,1628397,Ivan Rabb,1610612763,2017-18
1628504,Xavier Rathan-Mayes,201144,Mike Conley,1610612763,2017-18
1628504,Xavier Rathan-Mayes,201936,Tyreke Evans,1610612763,2017-18
1628504,Xavier Rathan-Mayes,203104,Marquis Teague,1610612763,2017-18
1628504,Xavier Rathan-Mayes,1627738,Deyonta Davis,1610612763,2017-18
1628504,Xavier Rathan-Mayes,203463,Ben McLemore,1610612763,2017-18
1628504,Xavier Rathan-Mayes,1628415,Dillon Brooks,1610612763,2017-18
1628504,Xavier Rathan-Mayes,202718,Chandler Parsons,1610612763,2017-18
1628504,Xavier Rathan-Mayes,201188,Marc Gasol,1610612763,2017-18
202385,Ryan Reid,201566,Russell Westbrook,1610612760,2011-12
202385,Ryan Reid,200757,Thabo Sefolosha,1610612760,2011-12
202385,Ryan Reid,2555,Nick Collison,1610612760,2011-12
202385,Ryan Reid,2570,Kendrick Perkins,1610612760,2011-12
202385,Ryan Reid,201953,Eric Maynor,1610612760,2011-12
202385,Ryan Reid,2767,Royal Ivey,1610612760,2011-12
202385,Ryan Reid,1737,Nazr Mohammed,1610612760,2011-12
202385,Ryan Reid,201586,Serge Ibaka,1610612760,2011-12
202385,Ryan Reid,202351,Lazar Hayward,1610612760,2011-12
202385,Ryan Reid,201935,James Harden,1610612760,2011-12
202385,Ryan Reid,201161,Daequan Cook,1610612760,2011-12
202385,Ryan Reid,202704,Reggie Jackson,1610612760,2011-12
202385,Ryan Reid,201142,Kevin Durant,1610612760,2011-12
202385,Ryan Reid,965,Derek Fisher,1610612760,2011-12
202385,Ryan Reid,202332,Cole Aldrich,1610612760,2011-12
720,Terrence Rencher,386,Elliot Perry,1610612756,1995-96
720,Terrence Rencher,714,Michael Finley,1610612756,1995-96
720,Terrence Rencher,134,Kevin Johnson,1610612756,1995-96
720,Terrence Rencher,712,Mario Bennett,1610612756,1995-96
720,Terrence Rencher,445,Wesley Person,1610612756,1995-96
720,Terrence Rencher,330,Danny Manning,1610612756,1995-96
720,Terrence Rencher,73,Hot Rod Williams,1610612756,1995-96
720,Terrence Rencher,47,Wayman Tisdale,1610612756,1995-96
720,Terrence Rencher,787,Charles Barkley,1610612756,1995-96
720,Terrence Rencher,170,Joe Kleine,1610612756,1995-96
720,Terrence Rencher,715,John Coker,1610612756,1995-96
720,Terrence Rencher,713,Chris Carr,1610612756,1995-96
720,Terrence Rencher,920,A.C. Green,1610612756,1995-96
720,Terrence Rencher,474,Stefano Rusconi,1610612756,1995-96
720,Terrence Rencher,173,Keith Askins,1610612748,1995-96
720,Terrence Rencher,390,Sasha Danilovic,1610612748,1995-96
720,Terrence Rencher,364,Rex Chapman,1610612748,1995-96
720,Terrence Rencher,896,Tim Hardaway,1610612748,1995-96
720,Terrence Rencher,380,Tony Smith,1610612748,1995-96
720,Terrence Rencher,423,Chris Gatling,1610612748,1995-96
720,Terrence Rencher,351,Stacey King,1610612748,1995-96
720,Terrence Rencher,702,Voshon Lenard,1610612748,1995-96
720,Terrence Rencher,895,Tyrone Corbin,1610612748,1995-96
720,Terrence Rencher,7,Dan Schayes,1610612748,1995-96
720,Terrence Rencher,1034,LeRon Ellis,1610612748,1995-96
720,Terrence Rencher,297,Alonzo Mourning,1610612748,1995-96
720,Terrence Rencher,703,Kurt Thomas,1610612748,1995-96
720,Terrence Rencher,1005,Walt Williams,1610612748,1995-96
2541,Antoine Rigaudeau,714,Michael Finley,1610612742,2002-03
2541,Antoine Rigaudeau,422,Avery Johnson,1610612742,2002-03
2541,Antoine Rigaudeau,1559,Adrian Griffin,1610612742,2002-03
2541,Antoine Rigaudeau,1505,Tariq Abdul-Wahad,1610612742,2002-03
2541,Antoine Rigaudeau,1952,Raja Bell,1610612742,2002-03
2541,Antoine Rigaudeau,959,Steve Nash,1610612742,2002-03
2541,Antoine Rigaudeau,2059,Eduardo Najera,1610612742,2002-03
2541,Antoine Rigaudeau,2492,Adam Harrington,1610612742,2002-03
2541,Antoine Rigaudeau,89,Nick Van Exel,1610612742,2002-03
2541,Antoine Rigaudeau,1717,Dirk Nowitzki,1610612742,2002-03
2541,Antoine Rigaudeau,1915,Evan Eschmeyer,1610612742,2002-03
2541,Antoine Rigaudeau,762,Shawn Bradley,1610612742,2002-03
2541,Antoine Rigaudeau,1711,Raef LaFrentz,1610612742,2002-03
2541,Antoine Rigaudeau,461,Popeye Jones,1610612742,2002-03
2541,Antoine Rigaudeau,1967,Derek Hood,1610612742,2002-03
2121,Terrance Roberson,1884,Baron Davis,1610612766,2000-01
2121,Terrance Roberson,197,Scott Burrell,1610612766,2000-01
2121,Terrance Roberson,695,Eldridge Recasner,1610612766,2000-01
2121,Terrance Roberson,133,David Wesley,1610612766,2000-01
2121,Terrance Roberson,922,Elden Campbell,1610612766,2000-01
2121,Terrance Roberson,2048,Jamaal Magloire,1610612766,2000-01
2121,Terrance Roberson,469,Jamal Mashburn,1610612766,2000-01
2121,Terrance Roberson,1944,Eddie Robinson,1610612766,2000-01
2121,Terrance Roberson,765,Hersey Hawkins,1610612766,2000-01
2121,Terrance Roberson,136,P.J. Brown,1610612766,2000-01
2121,Terrance Roberson,934,Derrick Coleman,1610612766,2000-01
2121,Terrance Roberson,901,Otis Thorpe,1610612766,2000-01
1926,Ryan Robertson,960,Tony Delk,1610612758,1999-00
1926,Ryan Robertson,185,Chris Webber,1610612758,1999-00
1926,Ryan Robertson,239,Darrick Martin,1610612758,1999-00
1926,Ryan Robertson,978,Peja Stojakovic,1610612758,1999-00
1926,Ryan Robertson,468,Jon Barry,1610612758,1999-00
1926,Ryan Robertson,124,Vlade Divac,1610612758,1999-00
1926,Ryan Robertson,895,Tyrone Corbin,1610612758,1999-00
1926,Ryan Robertson,98,Nick Anderson,1610612758,1999-00
1926,Ryan Robertson,1513,Scot Pollard,1610612758,1999-00
1926,Ryan Robertson,722,Corliss Williamson,1610612758,1999-00
1926,Ryan Robertson,1444,Lawrence Funderburke,1610612758,1999-00
1926,Ryan Robertson,1715,Jason Williams,1610612758,1999-00
1554,Jamal Robinson,190,Duane Causwell,1610612748,2000-01
1554,Jamal Robinson,2067,Eddie House,1610612748,2000-01
1554,Jamal Robinson,224,Eddie Jones,1610612748,2000-01
1554,Jamal Robinson,105,Dan Majerle,1610612748,2000-01
1554,Jamal Robinson,896,Tim Hardaway,1610612748,2000-01
1554,Jamal Robinson,1477,Bruce Bowen,1610612748,2000-01
1554,Jamal Robinson,193,Anthony Mason,1610612748,2000-01
1554,Jamal Robinson,76,Cedric Ceballos,1610612748,2000-01
1554,Jamal Robinson,1853,Anthony Carter,1610612748,2000-01
1554,Jamal Robinson,297,Alonzo Mourning,1610612748,2000-01
1554,Jamal Robinson,258,Brian Grant,1610612748,2000-01
1554,Jamal Robinson,920,A.C. Green,1610612748,2000-01
1629620,Justin Robinson,1630595,Cade Cunningham,1610612765,2021-22
1629620,Justin Robinson,1629035,Carsen Edwards,1610612765,2021-22
1629620,Justin Robinson,1628402,Frank Jackson,1610612765,2021-22
1629620,Justin Robinson,1628977,Hamidou Diallo,1610612765,2021-22
1629620,Justin Robinson,1630165,Killian Hayes,1610612765,2021-22
1629620,Justin Robinson,203924,Jerami Grant,1610612765,2021-22
1629620,Justin Robinson,1630587,Isaiah Livers,1610612765,2021-22
1629620,Justin Robinson,203482,Kelly Olynyk,1610612765,2021-22
1629620,Justin Robinson,203585,Rodney McGruder,1610612765,2021-22
1629620,Justin Robinson,1630296,Braxton Key,1610612765,2021-22
1629620,Justin Robinson,202709,Cory Joseph,1610612765,2021-22
1629620,Justin Robinson,1630691,Jamorko Pickett,1610612765,2021-22
1629620,Justin Robinson,1630191,Isaiah Stewart,1610612765,2021-22
1629620,Justin Robinson,1628963,Marvin Bagley III,1610612765,2021-22
1629620,Justin Robinson,1630240,Saben Lee,1610612765,2021-22
1629620,Justin Robinson,1630180,Saddiq Bey,1610612765,2021-22
1629620,Justin Robinson,1630568,Luka Garza,1610612765,2021-22
1629620,Justin Robinson,1628978,Donte DiVincenzo,1610612758,2021-22
1629620,Justin Robinson,1629056,Terence Davis,1610612758,2021-22
1629620,Justin Robinson,1628368,De'Aaron Fox,1610612758,2021-22
1629620,Justin Robinson,1629002,Chimezie Metu,1610612758,2021-22
1629620,Justin Robinson,203090,Maurice Harkless,1610612758,2021-22
1629620,Justin Robinson,203200,Justin Holiday,1610612758,2021-22
1629620,Justin Robinson,1627734,Domantas Sabonis,1610612758,2021-22
1629620,Justin Robinson,1630558,Davion Mitchell,1610612758,2021-22
1629620,Justin Robinson,1626158,Richaun Holmes,1610612758,2021-22
1629620,Justin Robinson,203458,Alex Len,1610612758,2021-22
1629620,Justin Robinson,203087,Jeremy Lamb,1610612758,2021-22
1629620,Justin Robinson,1627745,Damian Jones,1610612758,2021-22
1629620,Justin Robinson,203084,Harrison Barnes,1610612758,2021-22
1629620,Justin Robinson,1626168,Trey Lyles,1610612758,2021-22
1629620,Justin Robinson,1628367,Josh Jackson,1610612758,2021-22
1629620,Justin Robinson,1629674,Neemias Queta,1610612758,2021-22
1629620,Justin Robinson,201588,George Hill,1610612749,2021-22
1629620,Justin Robinson,1628975,Jevon Carter,1610612749,2021-22
1629620,Justin Robinson,1630492,Luca Vildoza,1610612749,2021-22
1629620,Justin Robinson,1628960,Grayson Allen,1610612749,2021-22
1629620,Justin Robinson,1626171,Bobby Portis,1610612749,2021-22
1629620,Justin Robinson,201572,Brook Lopez,1610612749,2021-22
1629620,Justin Robinson,1629670,Jordan Nwora,1610612749,2021-22
1629620,Justin Robinson,201950,Jrue Holiday,1610612749,2021-22
1629620,Justin Robinson,203114,Khris Middleton,1610612749,2021-22
1629620,Justin Robinson,202083,Wesley Matthews,1610612749,2021-22
1629620,Justin Robinson,1626192,Pat Connaughton,1610612749,2021-22
1629620,Justin Robinson,201586,Serge Ibaka,1610612749,2021-22
1629620,Justin Robinson,1629623,Lindell Wigginton,1610612749,2021-22
1629620,Justin Robinson,203507,Giannis Antetokounmpo,1610612749,2021-22
1629620,Justin Robinson,203648,Thanasis Antetokounmpo,1610612749,2021-22
1629620,Justin Robinson,1630572,Sandro Mamukelashvili,1610612749,2021-22
1629620,Justin Robinson,1629730,Rayjon Tucker,1610612749,2021-22
1629620,Justin Robinson,1628983,Shai Gilgeous-Alexander,1610612760,2020-21
1629620,Justin Robinson,1629652,Luguentz Dort,1610612760,2020-21
1629620,Justin Robinson,1630466,Gabriel Deck,1610612760,2020-21
1629620,Justin Robinson,1629647,Darius Bazley,1610612760,2020-21
1629620,Justin Robinson,1629658,Jaylen Hoard,1610612760,2020-21
1629620,Justin Robinson,202689,Kemba Walker,1610612760,2020-21
1629620,Justin Robinson,1630177,Theo Maledon,1610612760,2020-21
1629620,Justin Robinson,1628396,Tony Bradley,1610612760,2020-21
1629620,Justin Robinson,1629004,Svi Mykhailiuk,1610612760,2020-21
1629620,Justin Robinson,1630221,Josh Hall,1610612760,2020-21
1629620,Justin Robinson,1629660,Ty Jerome,1610612760,2020-21
1629620,Justin Robinson,1630197,Aleksej Pokusevski,1610612760,2020-21
1629620,Justin Robinson,1629676,Isaiah Roby,1610612760,2020-21
1629620,Justin Robinson,203488,Mike Muscala,1610612760,2020-21
1629620,Justin Robinson,1629026,Kenrich Williams,1610612760,2020-21
1629620,Justin Robinson,1629718,Charlie Brown Jr.,1610612760,2020-21
1629620,Justin Robinson,1629678,Admiral Schofield,1610612764,2019-20
1629620,Justin Robinson,202322,John Wall,1610612764,2019-20
1629620,Justin Robinson,203078,Bradley Beal,1610612764,2019-20
1629620,Justin Robinson,203894,Shabazz Napier,1610612764,2019-20
1629620,Justin Robinson,1628972,Troy Brown Jr.,1610612764,2019-20
1629620,Justin Robinson,1627784,Jarrod Uthoff,1610612764,2019-20
1629620,Justin Robinson,1629060,Rui Hachimura,1610612764,2019-20
1629620,Justin Robinson,1629010,Jerome Robinson,1610612764,2019-20
1629620,Justin Robinson,1628418,Thomas Bryant,1610612764,2019-20
1629620,Justin Robinson,202397,Ish Smith,1610612764,2019-20
1629620,Justin Robinson,1629067,Isaac Bonga,1610612764,2019-20
1629620,Justin Robinson,1628394,Anžejs Pasečņiks,1610612764,2019-20
1629620,Justin Robinson,1629140,Johnathan Williams,1610612764,2019-20
1629620,Justin Robinson,1627780,Gary Payton II,1610612764,2019-20
1629620,Justin Robinson,1629021,Moritz Wagner,1610612764,2019-20
1629620,Justin Robinson,1626170,Jerian Grant,1610612764,2019-20
1629620,Justin Robinson,1629726,Garrison Mathews,1610612764,2019-20
1629620,Justin Robinson,101133,Ian Mahinmi,1610612764,2019-20
1629620,Justin Robinson,202722,Davis Bertans,1610612764,2019-20
2684,Melvin Sanders,677,Eric Williams,1610612759,2005-06
2684,Melvin Sanders,2588,Matt Bonner,1610612759,2005-06
2684,Melvin Sanders,1737,Nazr Mohammed,1610612759,2005-06
2684,Melvin Sanders,714,Michael Finley,1610612759,2005-06
2684,Melvin Sanders,109,Robert Horry,1610612759,2005-06
2684,Melvin Sanders,101177,Fabricio Oberto,1610612759,2005-06
2684,Melvin Sanders,2225,Tony Parker,1610612759,2005-06
2684,Melvin Sanders,1477,Bruce Bowen,1610612759,2005-06
2684,Melvin Sanders,2757,Beno Udrih,1610612759,2005-06
2684,Melvin Sanders,699,Brent Barry,1610612759,2005-06
2684,Melvin Sanders,1938,Manu Ginobili,1610612759,2005-06
2684,Melvin Sanders,1495,Tim Duncan,1610612759,2005-06
2684,Melvin Sanders,89,Nick Van Exel,1610612759,2005-06
2684,Melvin Sanders,1752,Sean Marks,1610612759,2005-06
2637,Alex Scales,677,Eric Williams,1610612759,2005-06
2637,Alex Scales,2588,Matt Bonner,1610612759,2005-06
2637,Alex Scales,1737,Nazr Mohammed,1610612759,2005-06
2637,Alex Scales,714,Michael Finley,1610612759,2005-06
2637,Alex Scales,109,Robert Horry,1610612759,2005-06
2637,Alex Scales,101177,Fabricio Oberto,1610612759,2005-06
2637,Alex Scales,2225,Tony Parker,1610612759,2005-06
2637,Alex Scales,1477,Bruce Bowen,1610612759,2005-06
2637,Alex Scales,2757,Beno Udrih,1610612759,2005-06
2637,Alex Scales,699,Brent Barry,1610612759,2005-06
2637,Alex Scales,1938,Manu Ginobili,1610612759,2005-06
2637,Alex Scales,1495,Tim Duncan,1610612759,2005-06
2637,Alex Scales,89,Nick Van Exel,1610612759,2005-06
2637,Alex Scales,1752,Sean Marks,1610612759,2005-06
1578,Shea Seals,965,Derek Fisher,1610612747,1997-98
1578,Shea Seals,109,Robert Horry,1610612747,1997-98
1578,Shea Seals,224,Eddie Jones,1610612747,1997-98
1578,Shea Seals,977,Kobe Bryant,1610612747,1997-98
1578,Shea Seals,89,Nick Van Exel,1610612747,1997-98
1578,Shea Seals,296,Rick Fox,1610612747,1997-98
1578,Shea Seals,468,Jon Barry,1610612747,1997-98
1578,Shea Seals,712,Mario Bennett,1610612747,1997-98
1578,Shea Seals,406,Shaquille O'Neal,1610612747,1997-98
1578,Shea Seals,922,Elden Campbell,1610612747,1997-98
1578,Shea Seals,916,Corie Blount,1610612747,1997-98
1578,Shea Seals,399,Sean Rooks,1610612747,1997-98
1852,Jeff Sheppard,1544,Chris Crawford,1610612737,1998-99
1852,Jeff Sheppard,1728,Roshown McLeod,1610612737,1998-99
1852,Jeff Sheppard,120,Steven Smith,1610612737,1998-99
1852,Jeff Sheppard,302,Mookie Blaylock,1610612737,1998-99
1852,Jeff Sheppard,1516,Ed Gray,1610612737,1998-99
1852,Jeff Sheppard,1533,Anthony Johnson,1610612737,1998-99
1852,Jeff Sheppard,895,Tyrone Corbin,1610612737,1998-99
1852,Jeff Sheppard,770,Mark West,1610612737,1998-99
1852,Jeff Sheppard,3,Grant Long,1610612737,1998-99
1852,Jeff Sheppard,673,Alan Henderson,1610612737,1998-99
1852,Jeff Sheppard,87,Dikembe Mutombo,1610612737,1998-99
1852,Jeff Sheppard,1544,Chris Crawford,1610612737,1998-99
1852,Jeff Sheppard,1728,Roshown McLeod,1610612737,1998-99
1852,Jeff Sheppard,120,Steven Smith,1610612737,1998-99
1852,Jeff Sheppard,302,Mookie Blaylock,1610612737,1998-99
1852,Jeff Sheppard,1516,Ed Gray,1610612737,1998-99
1852,Jeff Sheppard,1533,Anthony Johnson,1610612737,1998-99
1852,Jeff Sheppard,895,Tyrone Corbin,1610612737,1998-99
1852,Jeff Sheppard,770,Mark West,1610612737,1998-99
1852,Jeff Sheppard,3,Grant Long,1610612737,1998-99
1852,Jeff Sheppard,673,Alan Henderson,1610612737,1998-99
1852,Jeff Sheppard,87,Dikembe Mutombo,1610612737,1998-99
1626296,Jordan Sibert,1626147,Justin Anderson,1610612737,2018-19
1626296,Jordan Sibert,1628989,Kevin Huerter,1610612737,2018-19
1626296,Jordan Sibert,1629016,Omari Spellman,1610612737,2018-19
1626296,Jordan Sibert,1629353,Isaac Humphries,1610612737,2018-19
1626296,Jordan Sibert,1629121,Jaylen Adams,1610612737,2018-19
1626296,Jordan Sibert,1629027,Trae Young,1610612737,2018-19
1626296,Jordan Sibert,1627752,Taurean Prince,1610612737,2018-19
1626296,Jordan Sibert,203473,Dewayne Dedmon,1610612737,2018-19
1626296,Jordan Sibert,1713,Vince Carter,1610612737,2018-19
1626296,Jordan Sibert,203101,Miles Plumlee,1610612737,2018-19
1626296,Jordan Sibert,1628381,John Collins,1610612737,2018-19
1626296,Jordan Sibert,1627816,Alex Poythress,1610612737,2018-19
1626296,Jordan Sibert,203145,Kent Bazemore,1610612737,2018-19
1626296,Jordan Sibert,203458,Alex Len,1610612737,2018-19
1626296,Jordan Sibert,1627761,DeAndre' Bembry,1610612737,2018-19
1630285,Zavier Simpson,1630692,Jordan Goodwin,1610612763,2023-24
1630285,Zavier Simpson,1630590,Scotty Pippen Jr.,1610612763,2023-24
1630285,Zavier Simpson,1631222,Jake LaRavia,1610612763,2023-24
1630285,Zavier Simpson,1631246,Vince Williams Jr.,1610612763,2023-24
1630285,Zavier Simpson,1630583,Santi Aldama,1610612763,2023-24
1630285,Zavier Simpson,1630533,Ziaire Williams,1610612763,2023-24
1630285,Zavier Simpson,1628379,Luke Kennard,1610612763,2023-24
1630285,Zavier Simpson,1629630,Ja Morant,1610612763,2023-24
1630285,Zavier Simpson,1628991,Jaren Jackson Jr.,1610612763,2023-24
1630285,Zavier Simpson,1629634,Brandon Clarke,1610612763,2023-24
1630285,Zavier Simpson,1629139,Yuta Watanabe,1610612763,2023-24
1630285,Zavier Simpson,1630217,Desmond Bane,1610612763,2023-24
1630285,Zavier Simpson,201565,Derrick Rose,1610612763,2023-24
1630285,Zavier Simpson,1630205,Lamar Stevens,1610612763,2023-24
1630285,Zavier Simpson,203935,Marcus Smart,1610612763,2023-24
1630285,Zavier Simpson,1641713,GG Jackson,1610612763,2023-24
1630285,Zavier Simpson,1629723,John Konchar,1610612763,2023-24
1630285,Zavier Simpson,1641998,Trey Jemison III,1610612763,2023-24
1630285,Zavier Simpson,1628983,Shai Gilgeous-Alexander,1610612760,2021-22
1630285,Zavier Simpson,1630581,Josh Giddey,1610612760,2021-22
1630285,Zavier Simpson,1629652,Luguentz Dort,1610612760,2021-22
1630285,Zavier Simpson,1628982,Melvin Frazier Jr.,1610612760,2021-22
1630285,Zavier Simpson,1629647,Darius Bazley,1610612760,2021-22
1630285,Zavier Simpson,1630177,Theo Maledon,1610612760,2021-22
1630285,Zavier Simpson,1630322,Lindy Waters III,1610612760,2021-22
1630285,Zavier Simpson,202324,Derrick Favors,1610612760,2021-22
1630285,Zavier Simpson,1629660,Ty Jerome,1610612760,2021-22
1630285,Zavier Simpson,1630197,Aleksej Pokusevski,1610612760,2021-22
1630285,Zavier Simpson,1630598,Aaron Wiggins,1610612760,2021-22
1630285,Zavier Simpson,1629676,Isaiah Roby,1610612760,2021-22
1630285,Zavier Simpson,1630544,Tre Mann,1610612760,2021-22
1630285,Zavier Simpson,1630249,Vít Krejčí,1610612760,2021-22
1630285,Zavier Simpson,203488,Mike Muscala,1610612760,2021-22
1630285,Zavier Simpson,1629026,Kenrich Williams,1610612760,2021-22
1630285,Zavier Simpson,1630526,Jeremiah Robinson-Earl,1610612760,2021-22
1591,Alvin Sims,988,Randy Livingston,1610612756,1998-99
1591,Alvin Sims,364,Rex Chapman,1610612756,1998-99
1591,Alvin Sims,1871,Gerald Brown,1610612756,1998-99
1591,Alvin Sims,1727,Pat Garrity,1610612756,1998-99
1591,Alvin Sims,26,Luc Longley,1610612756,1998-99
1591,Alvin Sims,330,Danny Manning,1610612756,1998-99
1591,Alvin Sims,45,George McCloud,1610612756,1998-99
1591,Alvin Sims,339,Tom Gugliotta,1610612756,1998-99
1591,Alvin Sims,361,Clifford Robinson,1610612756,1998-99
1591,Alvin Sims,467,Jason Kidd,1610612756,1998-99
1591,Alvin Sims,356,Chris Morris,1610612756,1998-99
1591,Alvin Sims,170,Joe Kleine,1610612756,1998-99
201235,Courtney Sims,1716,Larry Hughes,1610612752,2008-09
201235,Courtney Sims,2768,Chris Duhon,1610612752,2008-09
201235,Courtney Sims,101126,Nate Robinson,1610612752,2008-09
201235,Courtney Sims,201621,Joe Crawford,1610612752,2008-09
201235,Courtney Sims,1733,Al Harrington,1610612752,2008-09
201235,Courtney Sims,201568,Danilo Gallinari,1610612752,2008-09
201235,Courtney Sims,2404,Chris Wilcox,1610612752,2008-09
201235,Courtney Sims,200754,Mouhamed Sene,1610612752,2008-09
201235,Courtney Sims,2407,Jared Jeffries,1610612752,2008-09
201235,Courtney Sims,201163,Wilson Chandler,1610612752,2008-09
201235,Courtney Sims,2047,Quentin Richardson,1610612752,2008-09
201235,Courtney Sims,201805,Chris Hunter,1610612752,2008-09
201235,Courtney Sims,1749,Cuttino Mobley,1610612752,2008-09
201235,Courtney Sims,2201,Eddy Curry,1610612752,2008-09
201235,Courtney Sims,101135,David Lee,1610612752,2008-09
201235,Courtney Sims,2405,Amar'e Stoudemire,1610612756,2008-09
201235,Courtney Sims,201609,Goran Dragic,1610612756,2008-09
201235,Courtney Sims,201162,Jared Dudley,1610612756,2008-09
201235,Courtney Sims,2031,Stromile Swift,1610612756,2008-09
201235,Courtney Sims,2571,Leandro Barbosa,1610612756,2008-09
201235,Courtney Sims,959,Steve Nash,1610612756,2008-09
201235,Courtney Sims,201577,Robin Lopez,1610612756,2008-09
201235,Courtney Sims,200811,Lou Amundson,1610612756,2008-09
201235,Courtney Sims,2440,Matt Barnes,1610612756,2008-09
201235,Courtney Sims,2202,Jason Richardson,1610612756,2008-09
201235,Courtney Sims,201169,Alando Tucker,1610612756,2008-09
201235,Courtney Sims,406,Shaquille O'Neal,1610612756,2008-09
201235,Courtney Sims,255,Grant Hill,1610612756,2008-09
201235,Courtney Sims,101113,Ike Diogu,1610612754,2007-08
201235,Courtney Sims,2211,Troy Murphy,1610612754,2007-08
201235,Courtney Sims,200761,Shawne Williams,1610612754,2007-08
201235,Courtney Sims,2605,Marquis Daniels,1610612754,2007-08
201235,Courtney Sims,979,Jermaine O'Neal,1610612754,2007-08
201235,Courtney Sims,1902,Jeff Foster,1610612754,2007-08
201235,Courtney Sims,2224,Jamaal Tinsley,1610612754,2007-08
201235,Courtney Sims,101143,Travis Diener,1610612754,2007-08
201235,Courtney Sims,2758,David Harrison,1610612754,2007-08
201235,Courtney Sims,2399,Mike Dunleavy,1610612754,2007-08
201235,Courtney Sims,101261,Andre Owens,1610612754,2007-08
201235,Courtney Sims,2416,Kareem Rush,1610612754,2007-08
201235,Courtney Sims,2436,Flip Murray,1610612754,2007-08
201235,Courtney Sims,101211,Stephen Graham,1610612754,2007-08
201235,Courtney Sims,101122,Danny Granger,1610612754,2007-08
1631376,Dmytro Skapintsev,1628978,Donte DiVincenzo,1610612752,2023-24
1631376,Dmytro Skapintsev,1631210,Jacob Toppin,1610612752,2023-24
1631376,Dmytro Skapintsev,1630613,Duane Washington Jr.,1610612752,2023-24
1631376,Dmytro Skapintsev,1630540,Miles McBride,1610612752,2023-24
1631376,Dmytro Skapintsev,1628404,Josh Hart,1610612752,2023-24
1631376,Dmytro Skapintsev,1629718,Charlie Brown Jr.,1610612752,2023-24
1631376,Dmytro Skapintsev,1630173,Precious Achiuwa,1610612752,2023-24
1631376,Dmytro Skapintsev,1629610,DaQuan Jeffries,1610612752,2023-24
1631376,Dmytro Skapintsev,1628384,OG Anunoby,1610612752,2023-24
1631376,Dmytro Skapintsev,1628973,Jalen Brunson,1610612752,2023-24
1631376,Dmytro Skapintsev,1629003,Shake Milton,1610612752,2023-24
1631376,Dmytro Skapintsev,202692,Alec Burks,1610612752,2023-24
1631376,Dmytro Skapintsev,1629603,Mamadi Diakite,1610612752,2023-24
1631376,Dmytro Skapintsev,1629011,Mitchell Robinson,1610612752,2023-24
1631376,Dmytro Skapintsev,203944,Julius Randle,1610612752,2023-24
1631376,Dmytro Skapintsev,202711,Bojan Bogdanovic,1610612752,2023-24
1631376,Dmytro Skapintsev,1630579,Jericho Sims,1610612752,2023-24
1631376,Dmytro Skapintsev,1628392,Isaiah Hartenstein,1610612752,2023-24
203147,Chris Smith,2223,Samuel Dalembert,1610612752,2013-14
203147,Chris Smith,1885,Lamar Odom,1610612752,2013-14
203147,Chris Smith,101181,Jose Calderon,1610612752,2013-14
203147,Chris Smith,201961,Wayne Ellington,1610612752,2013-14
203147,Chris Smith,203499,Shane Larkin,1610612752,2013-14
203147,Chris Smith,2405,Amar'e Stoudemire,1610612752,2013-14
203147,Chris Smith,2030,Kenyon Martin,1610612752,2013-14
203147,Chris Smith,202719,Jeremy Tyler,1610612752,2013-14
203147,Chris Smith,203501,Tim Hardaway Jr.,1610612752,2013-14
203147,Chris Smith,2546,Carmelo Anthony,1610612752,2013-14
203147,Chris Smith,2747,JR Smith,1610612752,2013-14
203147,Chris Smith,203143,Pablo Prigioni,1610612752,2013-14
203147,Chris Smith,202697,Iman Shumpert,1610612752,2013-14
203147,Chris Smith,203315,Toure' Murry,1610612752,2013-14
203147,Chris Smith,200769,Shannon Brown,1610612752,2013-14
203147,Chris Smith,202332,Cole Aldrich,1610612752,2013-14
203147,Chris Smith,200745,Andrea Bargnani,1610612752,2013-14
202536,Jerry Smith,202178,Sundiata Gaines,1610612751,2011-12
202536,Jerry Smith,200770,Jordan Farmar,1610612751,2011-12
202536,Jerry Smith,202356,Armon Johnson,1610612751,2011-12
202536,Jerry Smith,101114,Deron Williams,1610612751,2011-12
202536,Jerry Smith,202705,MarShon Brooks,1610612751,2011-12
202536,Jerry Smith,202345,Damion James,1610612751,2011-12
202536,Jerry Smith,201572,Brook Lopez,1610612751,2011-12
202536,Jerry Smith,101123,Gerald Green,1610612751,2011-12
202536,Jerry Smith,202716,Jordan Williams,1610612751,2011-12
202536,Jerry Smith,201627,Anthony Morrow,1610612751,2011-12
202536,Jerry Smith,101130,Johan Petro,1610612751,2011-12
202536,Jerry Smith,200749,Shelden Williams,1610612751,2011-12
202536,Jerry Smith,2743,Kris Humphries,1610612751,2011-12
202536,Jerry Smith,2222,Gerald Wallace,1610612751,2011-12
202536,Jerry Smith,2052,DeShawn Stevenson,1610612751,2011-12
200848,Steven Smith,2223,Samuel Dalembert,1610612755,2006-07
200848,Steven Smith,1889,Andre Miller,1610612755,2006-07
200848,Steven Smith,693,Joe Smith,1610612755,2006-07
200848,Steven Smith,2738,Andre Iguodala,1610612755,2006-07
200848,Steven Smith,200784,Bobby Jones,1610612755,2006-07
200848,Steven Smith,1563,Kevin Ollie,1610612755,2006-07
200848,Steven Smith,200811,Lou Amundson,1610612755,2006-07
200848,Steven Smith,101150,Lou Williams,1610612755,2006-07
200848,Steven Smith,200760,Rodney Carney,1610612755,2006-07
200848,Steven Smith,2594,Kyle Korver,1610612755,2006-07
200848,Steven Smith,2584,Willie Green,1610612755,2006-07
200848,Steven Smith,101183,Shavlik Randolph,1610612755,2006-07
200848,Steven Smith,673,Alan Henderson,1610612755,2006-07
200848,Steven Smith,2212,Steven Hunter,1610612755,2006-07
1099,Matt Steigenga,305,Robert Parish,1610612741,1996-97
1099,Matt Steigenga,753,Randy Brown,1610612741,1996-97
1099,Matt Steigenga,389,Toni Kukoc,1610612741,1996-97
1099,Matt Steigenga,166,Ron Harper,1610612741,1996-97
1099,Matt Steigenga,26,Luc Longley,1610612741,1996-97
1099,Matt Steigenga,183,Bison Dele,1610612741,1996-97
1099,Matt Steigenga,893,Michael Jordan,1610612741,1996-97
1099,Matt Steigenga,70,Steve Kerr,1610612741,1996-97
1099,Matt Steigenga,146,Jud Buechler,1610612741,1996-97
1099,Matt Steigenga,937,Scottie Pippen,1610612741,1996-97
1099,Matt Steigenga,679,Jason Caffey,1610612741,1996-97
1099,Matt Steigenga,23,Dennis Rodman,1610612741,1996-97
203474,DJ Stephens,202340,Avery Bradley,1610612763,2018-19
203474,DJ Stephens,203937,Kyle Anderson,1610612763,2018-19
203474,DJ Stephens,1626153,Delon Wright,1610612763,2018-19
203474,DJ Stephens,1628975,Jevon Carter,1610612763,2018-19
203474,DJ Stephens,1627395,Julian Washburn,1610612763,2018-19
203474,DJ Stephens,203998,Bruno Caboclo,1610612763,2018-19
203474,DJ Stephens,101139,CJ Miles,1610612763,2018-19
203474,DJ Stephens,203200,Justin Holiday,1610612763,2018-19
203474,DJ Stephens,1628397,Ivan Rabb,1610612763,2018-19
203474,DJ Stephens,201144,Mike Conley,1610612763,2018-19
203474,DJ Stephens,1629139,Yuta Watanabe,1610612763,2018-19
203474,DJ Stephens,1628991,Jaren Jackson Jr.,1610612763,2018-19
203474,DJ Stephens,202685,Jonas Valančiūnas,1610612763,2018-19
203474,DJ Stephens,1628416,Tyler Dorsey,1610612763,2018-19
203474,DJ Stephens,1628415,Dillon Brooks,1610612763,2018-19
203474,DJ Stephens,202718,Chandler Parsons,1610612763,2018-19
203474,DJ Stephens,203092,Tyler Zeller,1610612763,2018-19
203474,DJ Stephens,201149,Joakim Noah,1610612763,2018-19
203474,DJ Stephens,201564,O.J. Mayo,1610612749,2013-14
203474,DJ Stephens,202327,Ekpe Udoh,1610612749,2013-14
203474,DJ Stephens,203489,Nate Wolters,1610612749,2013-14
203474,DJ Stephens,101141,Ersan Ilyasova,1610612749,2013-14
203474,DJ Stephens,202336,Larry Sanders,1610612749,2013-14
203474,DJ Stephens,203545,Miroslav Raduljica,1610612749,2013-14
203474,DJ Stephens,2568,Carlos Delfino,1610612749,2013-14
203474,DJ Stephens,202688,Brandon Knight,1610612749,2013-14
203474,DJ Stephens,202399,Jeff Adrien,1610612749,2013-14
203474,DJ Stephens,201196,Ramon Sessions,1610612749,2013-14
203474,DJ Stephens,202874,Chris Wright,1610612749,2013-14
203474,DJ Stephens,203114,Khris Middleton,1610612749,2013-14
203474,DJ Stephens,2585,Zaza Pachulia,1610612749,2013-14
203474,DJ Stephens,203089,John Henson,1610612749,2013-14
203474,DJ Stephens,203507,Giannis Antetokounmpo,1610612749,2013-14
1086,Joe Stephens,685,Cherokee Parks,1610612763,1999-00
1086,Joe Stephens,28,Doug West,1610612763,1999-00
1086,Joe Stephens,949,Shareef Abdur-Rahim,1610612763,1999-00
1086,Joe Stephens,1960,Milt Palacio,1610612763,1999-00
1086,Joe Stephens,1722,Michael Dickerson,1610612763,1999-00
1086,Joe Stephens,192,Dennis Scott,1610612763,1999-00
1086,Joe Stephens,1710,Mike Bibby,1610612763,1999-00
1086,Joe Stephens,1732,Felipe Lopez,1610612763,1999-00
1086,Joe Stephens,970,Othella Harrington,1610612763,1999-00
1086,Joe Stephens,735,Bryant Reeves,1610612763,1999-00
1086,Joe Stephens,1918,Obinna Ekezie,1610612763,1999-00
1086,Joe Stephens,1518,Rodrick Rhodes,1610612745,1997-98
1086,Joe Stephens,787,Charles Barkley,1610612745,1997-98
1086,Joe Stephens,698,Eddie Johnson,1610612745,1997-98
1086,Joe Stephens,1074,Matt Maloney,1610612745,1997-98
1086,Joe Stephens,53,Mario Elie,1610612745,1997-98
1086,Joe Stephens,85,Brent Price,1610612745,1997-98
1086,Joe Stephens,17,Clyde Drexler,1610612745,1997-98
1086,Joe Stephens,279,Charles Jones,1610612745,1997-98
1086,Joe Stephens,970,Othella Harrington,1610612745,1997-98
1086,Joe Stephens,165,Hakeem Olajuwon,1610612745,1997-98
1086,Joe Stephens,788,Kevin Willis,1610612745,1997-98
1086,Joe Stephens,672,Matt Bullard,1610612745,1997-98
1086,Joe Stephens,9,Sedale Threatt,1610612745,1996-97
1086,Joe Stephens,988,Randy Livingston,1610612745,1996-97
1086,Joe Stephens,787,Charles Barkley,1610612745,1996-97
1086,Joe Stephens,698,Eddie Johnson,1610612745,1996-97
1086,Joe Stephens,1074,Matt Maloney,1610612745,1996-97
1086,Joe Stephens,53,Mario Elie,1610612745,1996-97
1086,Joe Stephens,17,Clyde Drexler,1610612745,1996-97
1086,Joe Stephens,279,Charles Jones,1610612745,1996-97
1086,Joe Stephens,970,Othella Harrington,1610612745,1996-97
1086,Joe Stephens,165,Hakeem Olajuwon,1610612745,1996-97
1086,Joe Stephens,788,Kevin Willis,1610612745,1996-97
1086,Joe Stephens,672,Matt Bullard,1610612745,1996-97
1627293,Alex Stepheson,203210,JaMychal Green,1610612763,2015-16
1627293,Alex Stepheson,202362,Lance Stephenson,1610612763,2015-16
1627293,Alex Stepheson,203919,Jordan Adams,1610612763,2015-16
1627293,Alex Stepheson,200770,Jordan Farmar,1610612763,2015-16
1627293,Alex Stepheson,2365,Chris Andersen,1610612763,2015-16
1627293,Alex Stepheson,203955,Bryce Cotton,1610612763,2015-16
1627293,Alex Stepheson,2754,Tony Allen,1610612763,2015-16
1627293,Alex Stepheson,1626185,Jarell Martin,1610612763,2015-16
1627293,Alex Stepheson,201144,Mike Conley,1610612763,2015-16
1627293,Alex Stepheson,204098,Xavier Munford,1610612763,2015-16
1627293,Alex Stepheson,1713,Vince Carter,1610612763,2015-16
1627293,Alex Stepheson,203798,PJ Hairston,1610612763,2015-16
1627293,Alex Stepheson,2440,Matt Barnes,1610612763,2015-16
1627293,Alex Stepheson,201188,Marc Gasol,1610612763,2015-16
1627293,Alex Stepheson,201148,Brandan Wright,1610612763,2015-16
1627293,Alex Stepheson,2216,Zach Randolph,1610612763,2015-16
1627293,Alex Stepheson,101108,Chris Paul,1610612746,2015-16
1627293,Alex Stepheson,200755,JJ Redick,1610612746,2015-16
1627293,Alex Stepheson,201599,DeAndre Jordan,1610612746,2015-16
1627293,Alex Stepheson,201145,Jeff Green,1610612746,2015-16
1627293,Alex Stepheson,203143,Pablo Prigioni,1610612746,2015-16
1627293,Alex Stepheson,2037,Jamal Crawford,1610612746,2015-16
1627293,Alex Stepheson,201601,Luc Mbah a Moute,1610612746,2015-16
1627293,Alex Stepheson,201965,Jeff Ayres,1610612746,2015-16
1627293,Alex Stepheson,1626183,Branden Dawson,1610612746,2015-16
1627293,Alex Stepheson,203085,Austin Rivers,1610612746,2015-16
1627293,Alex Stepheson,203912,C.J. Wilcox,1610612746,2015-16
1627293,Alex Stepheson,201933,Blake Griffin,1610612746,2015-16
1627293,Alex Stepheson,202325,Wesley Johnson,1610612746,2015-16
1627293,Alex Stepheson,1718,Paul Pierce,1610612746,2015-16
1627293,Alex Stepheson,202332,Cole Aldrich,1610612746,2015-16
1055,Ed Stokes,1612,Chris Garner,1610612761,1997-98
1055,Ed Stokes,1503,Tracy McGrady,1610612761,1997-98
1055,Ed Stokes,932,Oliver Miller,1610612761,1997-98
1055,Ed Stokes,1497,Chauncey Billups,1610612761,1997-98
1055,Ed Stokes,244,Dee Brown,1610612761,1997-98
1055,Ed Stokes,1519,John Thomas,1610612761,1997-98
1055,Ed Stokes,57,Doug Christie,1610612761,1997-98
1055,Ed Stokes,948,Marcus Camby,1610612761,1997-98
1055,Ed Stokes,1541,Alvin Williams,1610612761,1997-98
1055,Ed Stokes,718,Gary Trent,1610612761,1997-98
1055,Ed Stokes,1073,Reggie Slater,1610612761,1997-98
1055,Ed Stokes,961,John Wallace,1610612761,1997-98
1628591,Craig Sword,203484,Kentavious Caldwell-Pope,1610612764,2021-22
1628591,Craig Sword,203078,Bradley Beal,1610612764,2021-22
1628591,Craig Sword,202397,Ish Smith,1610612764,2021-22
1628591,Craig Sword,1630216,Cassius Winston,1610612764,2021-22
1628591,Craig Sword,204001,Kristaps Porziņģis,1610612764,2021-22
1628591,Craig Sword,1629060,Rui Hachimura,1610612764,2021-22
1628591,Craig Sword,1630166,Deni Avdija,1610612764,2021-22
1628591,Craig Sword,1628418,Thomas Bryant,1610612764,2021-22
1628591,Craig Sword,1630225,Isaiah Todd,1610612764,2021-22
1628591,Craig Sword,1630264,Anthony Gill,1610612764,2021-22
1628591,Craig Sword,203526,Raul Neto,1610612764,2021-22
1628591,Craig Sword,1630648,Jordan Schakel,1610612764,2021-22
1628591,Craig Sword,1629655,Daniel Gafford,1610612764,2021-22
1628591,Craig Sword,1630176,Vernon Carey Jr.,1610612764,2021-22
1628591,Craig Sword,1630557,Corey Kispert,1610612764,2021-22
1628591,Craig Sword,203107,Tomas Satoransky,1610612764,2021-22
1628591,Craig Sword,1628398,Kyle Kuzma,1610612764,2021-22
1626208,Keifer Sykes,1628221,Gabe York,1610612754,2021-22
1626208,Keifer Sykes,1630169,Tyrese Haliburton,1610612754,2021-22
1626208,Keifer Sykes,203933,T.J. Warren,1610612754,2021-22
1626208,Keifer Sykes,1630537,Chris Duarte,1610612754,2021-22
1626208,Keifer Sykes,1630613,Duane Washington Jr.,1610612754,2021-22
1626208,Keifer Sykes,202362,Lance Stephenson,1610612754,2021-22
1626208,Keifer Sykes,1627763,Malcolm Brogdon,1610612754,2021-22
1626208,Keifer Sykes,204456,T.J. McConnell,1610612754,2021-22
1626208,Keifer Sykes,1629052,Oshae Brissett,1610612754,2021-22
1626208,Keifer Sykes,1630207,Nate Hinton,1610612754,2021-22
1626208,Keifer Sykes,1630543,Isaiah Jackson,1610612754,2021-22
1626208,Keifer Sykes,1627741,Buddy Hield,1610612754,2021-22
1626208,Keifer Sykes,1630188,Jalen Smith,1610612754,2021-22
1626208,Keifer Sykes,1630678,Terry Taylor,1610612754,2021-22
1626208,Keifer Sykes,1626167,Myles Turner,1610612754,2021-22
1626208,Keifer Sykes,1629048,Goga Bitadze,1610612754,2021-22
1626208,Keifer Sykes,201937,Ricky Rubio,1610612754,2021-22
2657,Yuta Tabuse,962,Walter McCarty,1610612756,2004-05
2657,Yuta Tabuse,2207,Joe Johnson,1610612756,2004-05
2657,Yuta Tabuse,2047,Quentin Richardson,1610612756,2004-05
2657,Yuta Tabuse,2571,Leandro Barbosa,1610612756,2004-05
2657,Yuta Tabuse,959,Steve Nash,1610612756,2004-05
2657,Yuta Tabuse,2321,Paul Shirley,1610612756,2004-05
2657,Yuta Tabuse,754,Jim Jackson,1610612756,2004-05
2657,Yuta Tabuse,1890,Shawn Marion,1610612756,2004-05
2657,Yuta Tabuse,2405,Amar'e Stoudemire,1610612756,2004-05
2657,Yuta Tabuse,2063,Jake Voskuhl,1610612756,2004-05
2657,Yuta Tabuse,2212,Steven Hunter,1610612756,2004-05
2657,Yuta Tabuse,448,Bo Outlaw,1610612756,2004-05
1629150,Emanuel Terry,201580,JaVale McGee,1610612756,2021-22
1629150,Emanuel Terry,1628470,Torrey Craig,1610612756,2021-22
1629150,Emanuel Terry,1626164,Devin Booker,1610612756,2021-22
1629150,Emanuel Terry,203901,Elfrid Payton,1610612756,2021-22
1629150,Emanuel Terry,101108,Chris Paul,1610612756,2021-22
1629150,Emanuel Terry,1628988,Aaron Holiday,1610612756,2021-22
1629150,Emanuel Terry,1630688,Ish Wainright,1610612756,2021-22
1629150,Emanuel Terry,1629013,Landry Shamet,1610612756,2021-22
1629150,Emanuel Terry,1626166,Cameron Payne,1610612756,2021-22
1629150,Emanuel Terry,202687,Bismack Biyombo,1610612756,2021-22
1629150,Emanuel Terry,1630994,Gabriel Lundberg,1610612756,2021-22
1629150,Emanuel Terry,203967,Dario Šarić,1610612756,2021-22
1629150,Emanuel Terry,1629028,Deandre Ayton,1610612756,2021-22
1629150,Emanuel Terry,1629661,Cameron Johnson,1610612756,2021-22
1629150,Emanuel Terry,1628969,Mikal Bridges,1610612756,2021-22
1629150,Emanuel Terry,203109,Jae Crowder,1610612756,2021-22
1629150,Emanuel Terry,1626196,Josh Richardson,1610612748,2018-19
1629150,Emanuel Terry,1628999,Yante Maten,1610612748,2018-19
1629150,Emanuel Terry,1629134,Kendrick Nunn,1610612748,2018-19
1629150,Emanuel Terry,2548,Dwyane Wade,1610612748,2018-19
1629150,Emanuel Terry,1627884,Derrick Jones Jr.,1610612748,2018-19
1629150,Emanuel Terry,201609,Goran Dragic,1610612748,2018-19
1629150,Emanuel Terry,203482,Kelly Olynyk,1610612748,2018-19
1629150,Emanuel Terry,203079,Dion Waiters,1610612748,2018-19
1629150,Emanuel Terry,1628389,Bam Adebayo,1610612748,2018-19
1629150,Emanuel Terry,201949,James Johnson,1610612748,2018-19
1629150,Emanuel Terry,1626159,Justise Winslow,1610612748,2018-19
1629150,Emanuel Terry,202355,Hassan Whiteside,1610612748,2018-19
1629150,Emanuel Terry,201583,Ryan Anderson,1610612748,2018-19
1629150,Emanuel Terry,2617,Udonis Haslem,1610612748,2018-19
1629150,Emanuel Terry,1629130,Duncan Robinson,1610612748,2018-19
1629150,Emanuel Terry,1626164,Devin Booker,1610612756,2018-19
1629150,Emanuel Terry,1629059,Elie Okobo,1610612756,2018-19
1629150,Emanuel Terry,1626162,Kelly Oubre Jr.,1610612756,2018-19
1629150,Emanuel Terry,1628994,George King,1610612756,2018-19
1629150,Emanuel Terry,2037,Jamal Crawford,1610612756,2018-19
1629150,Emanuel Terry,203933,T.J. Warren,1610612756,2018-19
1629150,Emanuel Terry,1629001,De'Anthony Melton,1610612756,2018-19
1629150,Emanuel Terry,204020,Tyler Johnson,1610612756,2018-19
1629150,Emanuel Terry,1628367,Josh Jackson,1610612756,2018-19
1629150,Emanuel Terry,1626158,Richaun Holmes,1610612756,2018-19
1629150,Emanuel Terry,1629028,Deandre Ayton,1610612756,2018-19
1629150,Emanuel Terry,1628969,Mikal Bridges,1610612756,2018-19
1629150,Emanuel Terry,1629034,Ray Spalding,1610612756,2018-19
1629150,Emanuel Terry,203584,Troy Daniels,1610612756,2018-19
1629150,Emanuel Terry,202690,Jimmer Fredette,1610612756,2018-19
1629150,Emanuel Terry,1627733,Dragan Bender,1610612756,2018-19
1630257,Jon Teske,1629001,De'Anthony Melton,1610612763,2021-22
1630257,Jon Teske,203937,Kyle Anderson,1610612763,2021-22
1630257,Jon Teske,1630214,Xavier Tillman,1610612763,2021-22
1630257,Jon Teske,1630179,Tyrell Terry,1610612763,2021-22
1630257,Jon Teske,203500,Steven Adams,1610612763,2021-22
1630257,Jon Teske,1630582,Yves Pons,1610612763,2021-22
1630257,Jon Teske,1630583,Santi Aldama,1610612763,2021-22
1630257,Jon Teske,1630533,Ziaire Williams,1610612763,2021-22
1630257,Jon Teske,1629630,Ja Morant,1610612763,2021-22
1630257,Jon Teske,1628991,Jaren Jackson Jr.,1610612763,2021-22
1630257,Jon Teske,1629634,Brandon Clarke,1610612763,2021-22
1630257,Jon Teske,1626145,Tyus Jones,1610612763,2021-22
1630257,Jon Teske,1630217,Desmond Bane,1610612763,2021-22
1630257,Jon Teske,1629633,Jarrett Culver,1610612763,2021-22
1630257,Jon Teske,1628415,Dillon Brooks,1610612763,2021-22
1630257,Jon Teske,1629681,Killian Tillie,1610612763,2021-22
1630257,Jon Teske,1629723,John Konchar,1610612763,2021-22
2839,James Thomas,988,Randy Livingston,1610612741,2005-06
2839,James Thomas,2199,Tyson Chandler,1610612741,2005-06
2839,James Thomas,2804,Andres Nocioni,1610612741,2005-06
2839,James Thomas,2732,Ben Gordon,1610612741,2005-06
2839,James Thomas,2736,Luol Deng,1610612741,2005-06
2839,James Thomas,2550,Kirk Hinrich,1610612741,2005-06
2839,James Thomas,101188,Eddie Basden,1610612741,2005-06
2839,James Thomas,2457,Jannero Pargo,1610612741,2005-06
2839,James Thomas,2768,Chris Duhon,1610612741,2005-06
2839,James Thomas,970,Othella Harrington,1610612741,2005-06
2839,James Thomas,2443,Darius Songaila,1610612741,2005-06
2839,James Thomas,2124,Malik Allen,1610612741,2005-06
2839,James Thomas,101195,Luke Schenscher,1610612741,2005-06
2839,James Thomas,2552,Michael Sweetney,1610612741,2005-06
2839,James Thomas,15,Eric Piatkowski,1610612741,2005-06
2839,James Thomas,2223,Samuel Dalembert,1610612755,2005-06
2839,James Thomas,947,Allen Iverson,1610612755,2005-06
2839,James Thomas,185,Chris Webber,1610612755,2005-06
2839,James Thomas,2214,Michael Bradley,1610612755,2005-06
2839,James Thomas,2422,John Salmons,1610612755,2005-06
2839,James Thomas,2738,Andre Iguodala,1610612755,2005-06
2839,James Thomas,1563,Kevin Ollie,1610612755,2005-06
2839,James Thomas,2440,Matt Barnes,1610612755,2005-06
2839,James Thomas,101150,Lou Williams,1610612755,2005-06
2839,James Thomas,2594,Kyle Korver,1610612755,2005-06
2839,James Thomas,2584,Willie Green,1610612755,2005-06
2839,James Thomas,101183,Shavlik Randolph,1610612755,2005-06
2839,James Thomas,2212,Steven Hunter,1610612755,2005-06
2839,James Thomas,960,Tony Delk,1610612737,2004-05
2839,James Thomas,2735,Josh Childress,1610612737,2004-05
2839,James Thomas,1733,Al Harrington,1610612737,2004-05
2839,James Thomas,2746,Josh Smith,1610612737,2004-05
2839,James Thomas,339,Tom Gugliotta,1610612737,2004-05
2839,James Thomas,1731,Tyronn Lue,1610612737,2004-05
2839,James Thomas,2564,Boris Diaw,1610612737,2004-05
2839,James Thomas,1542,Predrag Drobnjak,1610612737,2004-05
2839,James Thomas,2764,Donta Smith,1610612737,2004-05
2839,James Thomas,2767,Royal Ivey,1610612737,2004-05
2839,James Thomas,2044,Jason Collier,1610612737,2004-05
2839,James Thomas,788,Kevin Willis,1610612737,2004-05
2839,James Thomas,1565,Michael Stewart,1610612737,2004-05
2839,James Thomas,1507,Derek Anderson,1610612757,2004-05
2839,James Thomas,757,Damon Stoudamire,1610612757,2004-05
2839,James Thomas,2775,Ha Ha,1610612757,2004-05
2839,James Thomas,2038,Joel Przybilla,1610612757,2004-05
2839,James Thomas,2499,Richie Frahm,1610612757,2004-05
2839,James Thomas,1739,Ruben Patterson,1610612757,2004-05
2839,James Thomas,2032,Darius Miles,1610612757,2004-05
2839,James Thomas,2566,Travis Outlaw,1610612757,2004-05
2839,James Thomas,2742,Sebastian Telfair,1610612757,2004-05
2839,James Thomas,949,Shareef Abdur-Rahim,1610612757,2004-05
2839,James Thomas,2751,Viktor Khryapa,1610612757,2004-05
2839,James Thomas,689,Theo Ratliff,1610612757,2004-05
101159,Dijon Thompson,2735,Josh Childress,1610612737,2006-07
101159,Dijon Thompson,2207,Joe Johnson,1610612737,2006-07
101159,Dijon Thompson,2098,Slava Medvedenko,1610612737,2006-07
101159,Dijon Thompson,2746,Josh Smith,1610612737,2006-07
101159,Dijon Thompson,1533,Anthony Johnson,1610612737,2006-07
101159,Dijon Thompson,1731,Tyronn Lue,1610612737,2006-07
101159,Dijon Thompson,101212,Esteban Batista,1610612737,2006-07
101159,Dijon Thompson,2049,Speedy Claxton,1610612737,2006-07
101159,Dijon Thompson,101136,Salim Stoudamire,1610612737,2006-07
101159,Dijon Thompson,101107,Marvin Williams,1610612737,2006-07
101159,Dijon Thompson,2585,Zaza Pachulia,1610612737,2006-07
101159,Dijon Thompson,200749,Shelden Williams,1610612737,2006-07
101159,Dijon Thompson,2767,Royal Ivey,1610612737,2006-07
101159,Dijon Thompson,953,Lorenzen Wright,1610612737,2006-07
101159,Dijon Thompson,200780,Solomon Jones,1610612737,2006-07
101159,Dijon Thompson,1501,Tim Thomas,1610612756,2005-06
101159,Dijon Thompson,2564,Boris Diaw,1610612756,2005-06
101159,Dijon Thompson,2571,Leandro Barbosa,1610612756,2005-06
101159,Dijon Thompson,2469,Pat Burke,1610612756,2005-06
101159,Dijon Thompson,959,Steve Nash,1610612756,2005-06
101159,Dijon Thompson,2401,Nikoloz Tskitishvili,1610612756,2005-06
101159,Dijon Thompson,1952,Raja Bell,1610612756,2005-06
101159,Dijon Thompson,2592,James Jones,1610612756,2005-06
101159,Dijon Thompson,1890,Shawn Marion,1610612756,2005-06
101159,Dijon Thompson,2405,Amar'e Stoudemire,1610612756,2005-06
101159,Dijon Thompson,703,Kurt Thomas,1610612756,2005-06
101159,Dijon Thompson,2067,Eddie House,1610612756,2005-06
101159,Dijon Thompson,258,Brian Grant,1610612756,2005-06
202814,Mychel Thompson,200789,Daniel Gibson,1610612739,2011-12
202814,Mychel Thompson,202681,Kyrie Irving,1610612739,2011-12
202814,Mychel Thompson,1712,Antawn Jamison,1610612739,2011-12
202814,Mychel Thompson,202412,Manny Harris,1610612739,2011-12
202814,Mychel Thompson,201623,Semih Erden,1610612739,2011-12
202814,Mychel Thompson,202810,D.J. Kennedy,1610612739,2011-12
202814,Mychel Thompson,202684,Tristan Thompson,1610612739,2011-12
202814,Mychel Thompson,202388,Donald Sloan,1610612739,2011-12
202814,Mychel Thompson,2760,Anderson Varejao,1610612739,2011-12
202814,Mychel Thompson,1515,Anthony Parker,1610612739,2011-12
202814,Mychel Thompson,202396,Samardo Samuels,1610612739,2011-12
202814,Mychel Thompson,2575,Luke Walton,1610612739,2011-12
202814,Mychel Thompson,202087,Alonzo Gee,1610612739,2011-12
202814,Mychel Thompson,201956,Omri Casspi,1610612739,2011-12
202814,Mychel Thompson,202376,Luke Harangody,1610612739,2011-12
1627861,Mike Tobey,1627362,Briante Weber,1610612766,2016-17
1627861,Mike Tobey,101107,Marvin Williams,1610612766,2016-17
1627861,Mike Tobey,203087,Jeremy Lamb,1610612766,2016-17
1627861,Mike Tobey,201587,Nicolas Batum,1610612766,2016-17
1627861,Mike Tobey,201196,Ramon Sessions,1610612766,2016-17
1627861,Mike Tobey,203948,Johnny O'Bryant III,1610612766,2016-17
1627861,Mike Tobey,1626203,Treveon Graham,1610612766,2016-17
1627861,Mike Tobey,203077,Michael Kidd-Gilchrist,1610612766,2016-17
1627861,Mike Tobey,202689,Kemba Walker,1610612766,2016-17
1627861,Mike Tobey,203101,Miles Plumlee,1610612766,2016-17
1627861,Mike Tobey,201158,Marco Belinelli,1610612766,2016-17
1627861,Mike Tobey,203148,Brian Roberts,1610612766,2016-17
1627861,Mike Tobey,1626174,Christian Wood,1610612766,2016-17
1627861,Mike Tobey,203469,Cody Zeller,1610612766,2016-17
1627861,Mike Tobey,1626163,Frank Kaminsky,1610612766,2016-17
1943,Wayne Turner,962,Walter McCarty,1610612738,1999-00
1943,Wayne Turner,1499,Tony Battie,1610612738,1999-00
1943,Wayne Turner,72,Kenny Anderson,1610612738,1999-00
1943,Wayne Turner,952,Antoine Walker,1610612738,1999-00
1943,Wayne Turner,344,Dana Barros,1610612738,1999-00
1943,Wayne Turner,77,Doug Overton,1610612738,1999-00
1943,Wayne Turner,1504,Danny Fortson,1610612738,1999-00
1943,Wayne Turner,1718,Paul Pierce,1610612738,1999-00
1943,Wayne Turner,384,Calbert Cheaney,1610612738,1999-00
1943,Wayne Turner,1559,Adrian Griffin,1610612738,1999-00
1943,Wayne Turner,958,Vitaly Potapenko,1610612738,1999-00
1943,Wayne Turner,677,Eric Williams,1610612738,1999-00
202775,Edwin Ubiles,202322,John Wall,1610612764,2011-12
202775,Edwin Ubiles,101189,James Singleton,1610612764,2011-12
202775,Edwin Ubiles,2230,Maurice Evans,1610612764,2011-12
202775,Edwin Ubiles,101154,Andray Blatche,1610612764,2011-12
202775,Edwin Ubiles,1740,Rashard Lewis,1610612764,2011-12
202775,Edwin Ubiles,202338,Kevin Seraphin,1610612764,2011-12
202775,Edwin Ubiles,202348,Jordan Crawford,1610612764,2011-12
202775,Edwin Ubiles,201858,Cartier Martin,1610612764,2011-12
202775,Edwin Ubiles,201165,Morris Almond,1610612764,2011-12
202775,Edwin Ubiles,202714,Shelvin Mack,1610612764,2011-12
202775,Edwin Ubiles,202686,Jan Vesely,1610612764,2011-12
202775,Edwin Ubiles,202698,Chris Singleton,1610612764,2011-12
202775,Edwin Ubiles,202344,Trevor Booker,1610612764,2011-12
202775,Edwin Ubiles,2403,Nene,1610612764,2011-12
202775,Edwin Ubiles,2567,Brian Cook,1610612764,2011-12
2582,Slavko Vranes,1507,Derek Anderson,1610612757,2003-04
2582,Slavko Vranes,757,Damon Stoudamire,1610612757,2003-04
2582,Slavko Vranes,2109,Eddie Gill,1610612757,2003-04
2582,Slavko Vranes,2724,Desmond Ferguson,1610612757,2003-04
2582,Slavko Vranes,2424,Dan Dickau,1610612757,2003-04
2582,Slavko Vranes,2241,Omar Cook,1610612757,2003-04
2582,Slavko Vranes,1735,Vladimir Stepania,1610612757,2003-04
2582,Slavko Vranes,1739,Ruben Patterson,1610612757,2003-04
2582,Slavko Vranes,2032,Darius Miles,1610612757,2003-04
2582,Slavko Vranes,2417,Qyntel Woods,1610612757,2003-04
2582,Slavko Vranes,2566,Travis Outlaw,1610612757,2003-04
2582,Slavko Vranes,949,Shareef Abdur-Rahim,1610612757,2003-04
2582,Slavko Vranes,905,Dale Davis,1610612757,2003-04
2582,Slavko Vranes,689,Theo Ratliff,1610612757,2003-04
2582,Slavko Vranes,2216,Zach Randolph,1610612757,2003-04
1630640,MJ Walker,201580,JaVale McGee,1610612756,2021-22
1630640,MJ Walker,1628470,Torrey Craig,1610612756,2021-22
1630640,MJ Walker,1626164,Devin Booker,1610612756,2021-22
1630640,MJ Walker,203901,Elfrid Payton,1610612756,2021-22
1630640,MJ Walker,101108,Chris Paul,1610612756,2021-22
1630640,MJ Walker,1628988,Aaron Holiday,1610612756,2021-22
1630640,MJ Walker,1630688,Ish Wainright,1610612756,2021-22
1630640,MJ Walker,1629013,Landry Shamet,1610612756,2021-22
1630640,MJ Walker,1626166,Cameron Payne,1610612756,2021-22
1630640,MJ Walker,202687,Bismack Biyombo,1610612756,2021-22
1630640,MJ Walker,1630994,Gabriel Lundberg,1610612756,2021-22
1630640,MJ Walker,203967,Dario Šarić,1610612756,2021-22
1630640,MJ Walker,1629028,Deandre Ayton,1610612756,2021-22
1630640,MJ Walker,1629661,Cameron Johnson,1610612756,2021-22
1630640,MJ Walker,1628969,Mikal Bridges,1610612756,2021-22
1630640,MJ Walker,203109,Jae Crowder,1610612756,2021-22
101190,Matt Walsh,2748,Dorell Wright,1610612748,2005-06
101190,Matt Walsh,2548,Dwyane Wade,1610612748,2005-06
101190,Matt Walsh,1507,Derek Anderson,1610612748,2005-06
101190,Matt Walsh,952,Antoine Walker,1610612748,2005-06
101190,Matt Walsh,56,Gary Payton,1610612748,2005-06
101190,Matt Walsh,2574,Jason Kapono,1610612748,2005-06
101190,Matt Walsh,101134,Wayne Simien,1610612748,2005-06
101190,Matt Walsh,406,Shaquille O'Neal,1610612748,2005-06
101190,Matt Walsh,297,Alonzo Mourning,1610612748,2005-06
101190,Matt Walsh,2617,Udonis Haslem,1610612748,2005-06
101190,Matt Walsh,1899,James Posey,1610612748,2005-06
101190,Matt Walsh,1000,Shandon Anderson,1610612748,2005-06
101190,Matt Walsh,1720,Michael Doleac,1610612748,2005-06
101190,Matt Walsh,1715,Jason Williams,1610612748,2005-06
1627866,Jameel Warney,1628372,Dennis Smith Jr.,1610612742,2017-18
1627866,Jameel Warney,203457,Nerlens Noel,1610612742,2017-18
1627866,Jameel Warney,200826,J.J. Barea,1610612742,2017-18
1627866,Jameel Warney,1628405,Johnathan Motley,1610612742,2017-18
1627866,Jameel Warney,203939,Dwight Powell,1610612742,2017-18
1627866,Jameel Warney,1627858,Kyle Collinsworth,1610612742,2017-18
1627866,Jameel Warney,1626151,Aaron Harrison,1610612742,2017-18
1627866,Jameel Warney,1627827,Dorian Finney-Smith,1610612742,2017-18
1627866,Jameel Warney,1627812,Yogi Ferrell,1610612742,2017-18
1627866,Jameel Warney,203926,Doug McDermott,1610612742,2017-18
1627866,Jameel Warney,1627883,Jalen Jones,1610612742,2017-18
1627866,Jameel Warney,202083,Wesley Matthews,1610612742,2017-18
1627866,Jameel Warney,203552,Seth Curry,1610612742,2017-18
1627866,Jameel Warney,203084,Harrison Barnes,1610612742,2017-18
1627866,Jameel Warney,1717,Dirk Nowitzki,1610612742,2017-18
1627866,Jameel Warney,1628467,Maxi Kleber,1610612742,2017-18
1627866,Jameel Warney,1626257,Salah Mejri,1610612742,2017-18
200827,Darius Washington,2035,DerMarr Johnson,1610612759,2007-08
200827,Darius Washington,757,Damon Stoudamire,1610612759,2007-08
200827,Darius Washington,714,Michael Finley,1610612759,2007-08
200827,Darius Washington,2137,Ime Udoka,1610612759,2007-08
200827,Darius Washington,101177,Fabricio Oberto,1610612759,2007-08
200827,Darius Washington,2225,Tony Parker,1610612759,2007-08
200827,Darius Washington,1521,Jacque Vaughn,1610612759,2007-08
200827,Darius Washington,1477,Bruce Bowen,1610612759,2007-08
200827,Darius Washington,2588,Matt Bonner,1610612759,2007-08
200827,Darius Washington,699,Brent Barry,1610612759,2007-08
200827,Darius Washington,1938,Manu Ginobili,1610612759,2007-08
200827,Darius Washington,1495,Tim Duncan,1610612759,2007-08
200827,Darius Washington,109,Robert Horry,1610612759,2007-08
200827,Darius Washington,101133,Ian Mahinmi,1610612759,2007-08
200827,Darius Washington,703,Kurt Thomas,1610612759,2007-08
204033,David Wear,203492,Ray McCallum,1610612758,2014-15
204033,David Wear,200797,Ryan Hollins,1610612758,2014-15
204033,David Wear,201954,Darren Collison,1610612758,2014-15
204033,David Wear,200752,Rudy Gay,1610612758,2014-15
204033,David Wear,204065,David Stockton,1610612758,2014-15
204033,David Wear,203917,Nik Stauskas,1610612758,2014-15
204033,David Wear,202682,Derrick Williams,1610612758,2014-15
204033,David Wear,202326,DeMarcus Cousins,1610612758,2014-15
204033,David Wear,201956,Omri Casspi,1610612758,2014-15
204033,David Wear,1889,Andre Miller,1610612758,2014-15
204033,David Wear,203463,Ben McLemore,1610612758,2014-15
204033,David Wear,201171,Carl Landry,1610612758,2014-15
204033,David Wear,203961,Eric Moreland,1610612758,2014-15
204033,David Wear,2501,Reggie Evans,1610612758,2014-15
204033,David Wear,201574,Jason Thompson,1610612758,2014-15
101156,Robert Whaley,1960,Milt Palacio,1610612762,2005-06
101156,Robert Whaley,2430,Carlos Boozer,1610612762,2005-06
101156,Robert Whaley,101114,Deron Williams,1610612762,2005-06
101156,Robert Whaley,1921,Gordan Giricek,1610612762,2005-06
101156,Robert Whaley,2246,Mehmet Okur,1610612762,2005-06
101156,Robert Whaley,1723,Matt Harpring,1610612762,2005-06
101156,Robert Whaley,2484,Devin Brown,1610612762,2005-06
101156,Robert Whaley,2693,Keith McLeod,1610612762,2005-06
101156,Robert Whaley,101261,Andre Owens,1610612762,2005-06
101156,Robert Whaley,2260,Jarron Collins,1610612762,2005-06
101156,Robert Whaley,101139,CJ Miles,1610612762,2005-06
101156,Robert Whaley,1905,Andrei Kirilenko,1610612762,2005-06
101156,Robert Whaley,2737,Rafael Araujo,1610612762,2005-06
1755,Tyson Wheeler,1497,Chauncey Billups,1610612743,1998-99
1755,Tyson Wheeler,724,Cory Alexander,1610612743,1998-99
1755,Tyson Wheeler,1820,Kelly McCarty,1610612743,1998-99
1755,Tyson Wheeler,1540,Eric Washington,1610612743,1998-99
1755,Tyson Wheeler,1504,Danny Fortson,1610612743,1998-99
1755,Tyson Wheeler,1511,Johnny Taylor,1610612743,1998-99
1755,Tyson Wheeler,61,Carl Herrera,1610612743,1998-99
1755,Tyson Wheeler,179,Bryant Stith,1610612743,1998-99
1755,Tyson Wheeler,686,Antonio McDyess,1610612743,1998-99
1755,Tyson Wheeler,89,Nick Van Exel,1610612743,1998-99
1755,Tyson Wheeler,677,Eric Williams,1610612743,1998-99
1755,Tyson Wheeler,684,Loren Meyer,1610612743,1998-99
1126,Donald Whiteside,246,Greg Anderson,1610612737,1997-98
1126,Donald Whiteside,292,Anthony Miller,1610612737,1997-98
1126,Donald Whiteside,695,Eldridge Recasner,1610612737,1997-98
1126,Donald Whiteside,1544,Chris Crawford,1610612737,1997-98
1126,Donald Whiteside,120,Steven Smith,1610612737,1997-98
1126,Donald Whiteside,302,Mookie Blaylock,1610612737,1997-98
1126,Donald Whiteside,1003,Drew Barry,1610612737,1997-98
1126,Donald Whiteside,363,Christian Laettner,1610612737,1997-98
1126,Donald Whiteside,895,Tyrone Corbin,1610612737,1997-98
1126,Donald Whiteside,673,Alan Henderson,1610612737,1997-98
1126,Donald Whiteside,359,Chucky Brown,1610612737,1997-98
1126,Donald Whiteside,87,Dikembe Mutombo,1610612737,1997-98
1126,Donald Whiteside,412,Sharone Wright,1610612761,1996-97
1126,Donald Whiteside,32,Clifford Rozier,1610612761,1996-97
1126,Donald Whiteside,57,Doug Christie,1610612761,1996-97
1126,Donald Whiteside,757,Damon Stoudamire,1610612761,1996-97
1126,Donald Whiteside,948,Marcus Camby,1610612761,1996-97
1126,Donald Whiteside,1073,Reggie Slater,1610612761,1996-97
1126,Donald Whiteside,1381,John Long,1610612761,1996-97
1126,Donald Whiteside,704,Shawn Respert,1610612761,1996-97
1126,Donald Whiteside,729,Martin Lewis,1610612761,1996-97
1126,Donald Whiteside,435,Carlos Rogers,1610612761,1996-97
1126,Donald Whiteside,1005,Walt Williams,1610612761,1996-97
1126,Donald Whiteside,461,Popeye Jones,1610612761,1996-97
204222,Greg Whittington,203210,JaMychal Green,1610612743,2020-21
204222,Greg Whittington,1630210,Markus Howard,1610612743,2020-21
204222,Greg Whittington,1629008,Michael Porter Jr.,1610612743,2020-21
204222,Greg Whittington,1627885,Shaquille Harrison,1610612743,2020-21
204222,Greg Whittington,200794,Paul Millsap,1610612743,2020-21
204222,Greg Whittington,203115,Will Barton,1610612743,2020-21
204222,Greg Whittington,1630267,Facundo Campazzo,1610612743,2020-21
204222,Greg Whittington,1629626,Bol Bol,1610612743,2020-21
204222,Greg Whittington,1628420,Monté Morris,1610612743,2020-21
204222,Greg Whittington,203999,Nikola Jokić,1610612743,2020-21
204222,Greg Whittington,1630192,Zeke Nnaji,1610612743,2020-21
204222,Greg Whittington,203085,Austin Rivers,1610612743,2020-21
204222,Greg Whittington,1627750,Jamal Murray,1610612743,2020-21
204222,Greg Whittington,1628427,Vlatko Čančar,1610612743,2020-21
204222,Greg Whittington,201580,JaVale McGee,1610612743,2020-21
204222,Greg Whittington,1628408,PJ Dozier,1610612743,2020-21
204222,Greg Whittington,203932,Aaron Gordon,1610612743,2020-21
1628451,Jacob Wiley,1627821,James Webb III,1610612751,2017-18
1628451,Jacob Wiley,1626156,D'Angelo Russell,1610612751,2017-18
1628451,Jacob Wiley,203917,Nik Stauskas,1610612751,2017-18
1628451,Jacob Wiley,1626143,Jahlil Okafor,1610612751,2017-18
1628451,Jacob Wiley,202391,Jeremy Lin,1610612751,2017-18
1628451,Jacob Wiley,203915,Spencer Dinwiddie,1610612751,2017-18
1628451,Jacob Wiley,201960,DeMarre Carroll,1610612751,2017-18
1628451,Jacob Wiley,203925,Joe Harris,1610612751,2017-18
1628451,Jacob Wiley,203112,Quincy Acy,1610612751,2017-18
1628451,Jacob Wiley,1628495,Milton Doyle,1610612751,2017-18
1628451,Jacob Wiley,1627785,Isaiah Whitehead,1610612751,2017-18
1628451,Jacob Wiley,202389,Timofey Mozgov,1610612751,2017-18
1628451,Jacob Wiley,1627747,Caris LeVert,1610612751,2017-18
1628451,Jacob Wiley,1626178,Rondae Hollis-Jefferson,1610612751,2017-18
1628451,Jacob Wiley,1628386,Jarrett Allen,1610612751,2017-18
1628451,Jacob Wiley,203459,Allen Crabbe,1610612751,2017-18
1628451,Jacob Wiley,201967,Dante Cunningham,1610612751,2017-18
1585,Brandon Williams,1737,Nazr Mohammed,1610612737,2002-03
1585,Brandon Williams,949,Shareef Abdur-Rahim,1610612737,2002-03
1585,Brandon Williams,176,Antonio Harvey,1610612737,2002-03
1585,Brandon Williams,1544,Chris Crawford,1610612737,2002-03
1585,Brandon Williams,1901,Dion Glover,1610612737,2002-03
1585,Brandon Williams,2466,Maurice Carter,1610612737,2002-03
1585,Brandon Williams,1032,Darvin Ham,1610612737,2002-03
1585,Brandon Williams,2424,Dan Dickau,1610612737,2002-03
1585,Brandon Williams,299,Glenn Robinson,1610612737,2002-03
1585,Brandon Williams,1956,Ira Newble,1610612737,2002-03
1585,Brandon Williams,1023,Emanual Davis,1610612737,2002-03
1585,Brandon Williams,712,Mario Bennett,1610612737,2002-03
1585,Brandon Williams,1891,Jason Terry,1610612737,2002-03
1585,Brandon Williams,689,Theo Ratliff,1610612737,2002-03
1585,Brandon Williams,673,Alan Henderson,1610612737,2002-03
1585,Brandon Williams,2321,Paul Shirley,1610612737,2002-03
1585,Brandon Williams,1114,Jaren Jackson,1610612759,1998-99
1585,Brandon Williams,70,Steve Kerr,1610612759,1998-99
1585,Brandon Williams,422,Avery Johnson,1610612759,1998-99
1585,Brandon Williams,53,Mario Elie,1610612759,1998-99
1585,Brandon Williams,1495,Tim Duncan,1610612759,1998-99
1585,Brandon Williams,760,Jerome Kersey,1610612759,1998-99
1585,Brandon Williams,990,Malik Rose,1610612759,1998-99
1585,Brandon Williams,251,Sean Elliott,1610612759,1998-99
1585,Brandon Williams,1498,Antonio Daniels,1610612759,1998-99
1585,Brandon Williams,781,Will Perdue,1610612759,1998-99
1585,Brandon Williams,764,David Robinson,1610612759,1998-99
1585,Brandon Williams,1562,Gerard King,1610612759,1998-99
1585,Brandon Williams,960,Tony Delk,1610612744,1997-98
1585,Brandon Williams,177,Muggsy Bogues,1610612744,1997-98
1585,Brandon Williams,1666,Gerald Madkins,1610612744,1997-98
1585,Brandon Williams,84,Latrell Sprewell,1610612744,1997-98
1585,Brandon Williams,81,Jeff Grayer,1610612744,1997-98
1585,Brandon Williams,679,Jason Caffey,1610612744,1997-98
1585,Brandon Williams,754,Jim Jackson,1610612744,1997-98
1585,Brandon Williams,221,Clar. Weatherspoon,1610612744,1997-98
1585,Brandon Williams,1502,Adonal Foyle,1610612744,1997-98
1585,Brandon Williams,273,Duane Ferrell,1610612744,1997-98
1585,Brandon Williams,986,Marcus Mann,1610612744,1997-98
1585,Brandon Williams,956,Erick Dampier,1610612744,1997-98
1585,Brandon Williams,280,Felton Spencer,1610612744,1997-98
1585,Brandon Williams,957,Todd Fuller,1610612744,1997-98
1628475,Matt Williams Jr.,1626196,Josh Richardson,1610612748,2017-18
1628475,Matt Williams Jr.,201961,Wayne Ellington,1610612748,2017-18
1628475,Matt Williams Jr.,2548,Dwyane Wade,1610612748,2017-18
1628475,Matt Williams Jr.,1627884,Derrick Jones Jr.,1610612748,2017-18
1628475,Matt Williams Jr.,201609,Goran Dragic,1610612748,2017-18
1628475,Matt Williams Jr.,204020,Tyler Johnson,1610612748,2017-18
1628475,Matt Williams Jr.,203482,Kelly Olynyk,1610612748,2017-18
1628475,Matt Williams Jr.,203079,Dion Waiters,1610612748,2017-18
1628475,Matt Williams Jr.,1628389,Bam Adebayo,1610612748,2017-18
1628475,Matt Williams Jr.,1628476,Derrick Walton Jr.,1610612748,2017-18
1628475,Matt Williams Jr.,201949,James Johnson,1610612748,2017-18
1628475,Matt Williams Jr.,203585,Rodney McGruder,1610612748,2017-18
1628475,Matt Williams Jr.,1626159,Justise Winslow,1610612748,2017-18
1628475,Matt Williams Jr.,202355,Hassan Whiteside,1610612748,2017-18
1628475,Matt Williams Jr.,202337,Luke Babbitt,1610612748,2017-18
1628475,Matt Williams Jr.,1626175,Jordan Mickey,1610612748,2017-18
1628475,Matt Williams Jr.,2617,Udonis Haslem,1610612748,2017-18
2000,Dedric Willoughby,765,Hersey Hawkins,1610612741,1999-00
2000,Dedric Willoughby,54,Dickey Simpkins,1610612741,1999-00
2000,Dedric Willoughby,769,B.J. Armstrong,1610612741,1999-00
2000,Dedric Willoughby,1074,Matt Maloney,1610612741,1999-00
2000,Dedric Willoughby,697,Fred Hoiberg,1610612741,1999-00
2000,Dedric Willoughby,1512,Chris Anstey,1610612741,1999-00
2000,Dedric Willoughby,1736,Corey Benjamin,1610612741,1999-00
2000,Dedric Willoughby,1882,Elton Brand,1610612741,1999-00
2000,Dedric Willoughby,713,Chris Carr,1610612741,1999-00
2000,Dedric Willoughby,1913,Michael Ruffin,1610612741,1999-00
203966,Jamil Wilson,1628414,Sindarius Thornwell,1610612746,2017-18
203966,Jamil Wilson,1628393,Jawun Evans,1610612746,2017-18
203966,Jamil Wilson,1628462,Milos Teodosic,1610612746,2017-18
203966,Jamil Wilson,1626149,Montrezl Harrell,1610612746,2017-18
203966,Jamil Wilson,201599,DeAndre Jordan,1610612746,2017-18
203966,Jamil Wilson,1626155,Sam Dekker,1610612746,2017-18
203966,Jamil Wilson,201568,Danilo Gallinari,1610612746,2017-18
203966,Jamil Wilson,203710,C.J. Williams,1610612746,2017-18
203966,Jamil Wilson,202340,Avery Bradley,1610612746,2017-18
203966,Jamil Wilson,1627820,Tyrone Wallace,1610612746,2017-18
203966,Jamil Wilson,201976,Patrick Beverley,1610612746,2017-18
203966,Jamil Wilson,101150,Lou Williams,1610612746,2017-18
203966,Jamil Wilson,203085,Austin Rivers,1610612746,2017-18
203966,Jamil Wilson,202325,Wesley Johnson,1610612746,2017-18
203966,Jamil Wilson,202699,Tobias Harris,1610612746,2017-18
203966,Jamil Wilson,1626246,Boban Marjanovic,1610612746,2017-18
1868,Trevor Winter,324,Anthony Peeler,1610612750,1998-99
1868,Trevor Winter,907,Malik Sealy,1610612750,1998-99
1868,Trevor Winter,210,Terrell Brandon,1610612750,1998-99
1868,Trevor Winter,1725,Rasho Nesterovic,1610612750,1998-99
1868,Trevor Winter,67,Tom Hammonds,1610612750,1998-99
1868,Trevor Winter,708,Kevin Garnett,1610612750,1998-99
1868,Trevor Winter,1051,Dean Garrett,1610612750,1998-99
1868,Trevor Winter,1517,Bobby Jackson,1610612750,1998-99
1868,Trevor Winter,381,James Robinson,1610612750,1998-99
1868,Trevor Winter,693,Joe Smith,1610612750,1998-99
1868,Trevor Winter,417,Sam Mitchell,1610612750,1998-99
1868,Trevor Winter,1754,Andrae Patterson,1610612750,1998-99
203203,Chris Wright,1890,Shawn Marion,1610612742,2012-13
203203,Chris Wright,203099,Jared Cunningham,1610612742,2012-13
203203,Chris Wright,201958,Rodrigue Beaubois,1610612742,2012-13
203203,Chris Wright,201954,Darren Collison,1610612742,2012-13
203203,Chris Wright,203108,Bernard James,1610612742,2012-13
203203,Chris Wright,203109,Jae Crowder,1610612742,2012-13
203203,Chris Wright,203006,Josh Akognon,1610612742,2012-13
203203,Chris Wright,2229,Mike James,1610612742,2012-13
203203,Chris Wright,201627,Anthony Morrow,1610612742,2012-13
203203,Chris Wright,1713,Vince Carter,1610612742,2012-13
203203,Chris Wright,201564,O.J. Mayo,1610612742,2012-13
203203,Chris Wright,201148,Brandan Wright,1610612742,2012-13
203203,Chris Wright,2549,Chris Kaman,1610612742,2012-13
203203,Chris Wright,1717,Dirk Nowitzki,1610612742,2012-13
203203,Chris Wright,1882,Elton Brand,1610612742,2012-13
1748,Korleone Young,376,Eric Montross,1610612765,1998-99
1748,Korleone Young,283,Lindsey Hunter,1610612765,1998-99
1748,Korleone Young,247,Joe Dumars,1610612765,1998-99
1748,Korleone Young,1525,Charles O'Bannon,1610612765,1998-99
1748,Korleone Young,183,Bison Dele,1610612765,1998-99
1748,Korleone Young,966,Jerome Williams,1610612765,1998-99
1748,Korleone Young,146,Jud Buechler,1610612765,1998-99
1748,Korleone Young,363,Christian Laettner,1610612765,1998-99
1748,Korleone Young,255,Grant Hill,1610612765,1998-99
1748,Korleone Young,919,Loy Vaught,1610612765,1998-99
1748,Korleone Young,711,Jerry Stackhouse,1610612765,1998-99
1748,Korleone Young,690,Don Reid,1610612765,1998-99
202545,Luke Zeller,201563,Michael Beasley,1610612756,2012-13
202545,Luke Zeller,201609,Goran Dragic,1610612756,2012-13
202545,Luke Zeller,202325,Wesley Johnson,1610612756,2012-13
202545,Luke Zeller,201162,Jared Dudley,1610612756,2012-13
202545,Luke Zeller,101162,Marcin Gortat,1610612756,2012-13
202545,Luke Zeller,101112,Channing Frye,1610612756,2012-13
202545,Luke Zeller,203197,Diante Garrett,1610612756,2012-13
202545,Luke Zeller,202693,Markieff Morris,1610612756,2012-13
202545,Luke Zeller,203088,Kendall Marshall,1610612756,2012-13
202545,Luke Zeller,2449,Luis Scola,1610612756,2012-13
202545,Luke Zeller,202694,Marcus Morris Sr.,1610612756,2012-13
202545,Luke Zeller,200782,P.J. Tucker,1610612756,2012-13
202545,Luke Zeller,979,Jermaine O'Neal,1610612756,2012-13
202545,Luke Zeller,200769,Shannon Brown,1610612756,2012-13
202545,Luke Zeller,201632,Hamed Haddadi,1610612756,2012-13
2583,Derrick Zimmerman,467,Jason Kidd,1610612751,2005-06
2583,Derrick Zimmerman,2411,Bostjan Nachbar,1610612751,2005-06
2583,Derrick Zimmerman,2565,Zoran Planinic,1610612751,2005-06
2583,Derrick Zimmerman,1521,Jacque Vaughn,1610612751,2005-06
2583,Derrick Zimmerman,2420,Nenad Krstic,1610612751,2005-06
2583,Derrick Zimmerman,1713,Vince Carter,1610612751,2005-06
2583,Derrick Zimmerman,101120,Antoine Wright,1610612751,2005-06
2583,Derrick Zimmerman,2210,Richard Jefferson,1610612751,2005-06
2583,Derrick Zimmerman,361,Clifford Robinson,1610612751,2005-06
2583,Derrick Zimmerman,441,Lamond Murray,1610612751,2005-06
2583,Derrick Zimmerman,1909,Scott Padgett,1610612751,2005-06
2583,Derrick Zimmerman,2215,Jason Collins,1610612751,2005-06
2583,Derrick Zimmerman,1519,John Thomas,1610612751,2005-06
1629152,DeVaughn Akoon-Purcell,202738,Isaiah Thomas,1610612743,2018-19
1629152,DeVaughn Akoon-Purcell,1629008,Michael Porter Jr.,1610612743,2018-19
1629152,DeVaughn Akoon-Purcell,1628470,Torrey Craig,1610612743,2018-19
1629152,DeVaughn Akoon-Purcell,200794,Paul Millsap,1610612743,2018-19
1629152,DeVaughn Akoon-Purcell,203115,Will Barton,1610612743,2018-19
1629152,DeVaughn Akoon-Purcell,1629164,Brandon Goodwin,1610612743,2018-19
1629152,DeVaughn Akoon-Purcell,1626168,Trey Lyles,1610612743,2018-19
1629152,DeVaughn Akoon-Purcell,1629020,Jarred Vanderbilt,1610612743,2018-19
1629152,DeVaughn Akoon-Purcell,1628420,Monté Morris,1610612743,2018-19
1629152,DeVaughn Akoon-Purcell,203914,Gary Harris,1610612743,2018-19
1629152,DeVaughn Akoon-Purcell,203999,Nikola Jokić,1610612743,2018-19
1629152,DeVaughn Akoon-Purcell,1628399,Tyler Lydon,1610612743,2018-19
1629152,DeVaughn Akoon-Purcell,203486,Mason Plumlee,1610612743,2018-19
1629152,DeVaughn Akoon-Purcell,1627736,Malik Beasley,1610612743,2018-19
1629152,DeVaughn Akoon-Purcell,1627750,Jamal Murray,1610612743,2018-19
1629152,DeVaughn Akoon-Purcell,1627823,Juancho Hernangomez,1610612743,2018-19
1629152,DeVaughn Akoon-Purcell,1629118,Thomas Welsh,1610612743,2018-19
1641851,Timmy Allen,1630692,Jordan Goodwin,1610612763,2023-24
1641851,Timmy Allen,1630590,Scotty Pippen Jr.,1610612763,2023-24
1641851,Timmy Allen,1631222,Jake LaRavia,1610612763,2023-24
1641851,Timmy Allen,1631246,Vince Williams Jr.,1610612763,2023-24
1641851,Timmy Allen,1630583,Santi Aldama,1610612763,2023-24
1641851,Timmy Allen,1630533,Ziaire Williams,1610612763,2023-24
1641851,Timmy Allen,1628379,Luke Kennard,1610612763,2023-24
1641851,Timmy Allen,1629630,Ja Morant,1610612763,2023-24
1641851,Timmy Allen,1628991,Jaren Jackson Jr.,1610612763,2023-24
1641851,Timmy Allen,1629634,Brandon Clarke,1610612763,2023-24
1641851,Timmy Allen,1629139,Yuta Watanabe,1610612763,2023-24
1641851,Timmy Allen,1630217,Desmond Bane,1610612763,2023-24
1641851,Timmy Allen,201565,Derrick Rose,1610612763,2023-24
1641851,Timmy Allen,1630205,Lamar Stevens,1610612763,2023-24
1641851,Timmy Allen,203935,Marcus Smart,1610612763,2023-24
1641851,Timmy Allen,1641713,GG Jackson,1610612763,2023-24
1641851,Timmy Allen,1629723,John Konchar,1610612763,2023-24
1641851,Timmy Allen,1641998,Trey Jemison III,1610612763,2023-24
1824,Peter Aluma,137,Vernon Maxwell,1610612758,1998-99
1824,Peter Aluma,185,Chris Webber,1610612758,1998-99
1824,Peter Aluma,1138,Michael Hawkins,1610612758,1998-99
1824,Peter Aluma,1505,Tariq Abdul-Wahad,1610612758,1998-99
1824,Peter Aluma,978,Peja Stojakovic,1610612758,1998-99
1824,Peter Aluma,468,Jon Barry,1610612758,1998-99
1824,Peter Aluma,124,Vlade Divac,1610612758,1998-99
1824,Peter Aluma,1513,Scot Pollard,1610612758,1998-99
1824,Peter Aluma,722,Corliss Williamson,1610612758,1998-99
1824,Peter Aluma,1444,Lawrence Funderburke,1610612758,1998-99
1824,Peter Aluma,1744,Jerome James,1610612758,1998-99
1824,Peter Aluma,1715,Jason Williams,1610612758,1998-99
202079,Antonio Anderson,201566,Russell Westbrook,1610612760,2009-10
202079,Antonio Anderson,200757,Thabo Sefolosha,1610612760,2009-10
202079,Antonio Anderson,201591,DJ White,1610612760,2009-10
202079,Antonio Anderson,2555,Nick Collison,1610612760,2009-10
202079,Antonio Anderson,201602,Kyle Weaver,1610612760,2009-10
202079,Antonio Anderson,201953,Eric Maynor,1610612760,2009-10
202079,Antonio Anderson,1563,Kevin Ollie,1610612760,2009-10
202079,Antonio Anderson,201586,Serge Ibaka,1610612760,2009-10
202079,Antonio Anderson,201203,Mustafa Shakur,1610612760,2009-10
202079,Antonio Anderson,2420,Nenad Krstic,1610612760,2009-10
202079,Antonio Anderson,201935,James Harden,1610612760,2009-10
202079,Antonio Anderson,201145,Jeff Green,1610612760,2009-10
202079,Antonio Anderson,201957,Byron Mullens,1610612760,2009-10
202079,Antonio Anderson,201142,Kevin Durant,1610612760,2009-10
202079,Antonio Anderson,2041,Etan Thomas,1610612760,2009-10
203951,Keith Appling,203932,Aaron Gordon,1610612753,2015-16
203951,Keith Appling,203473,Dewayne Dedmon,1610612753,2015-16
203951,Keith Appling,203901,Elfrid Payton,1610612753,2015-16
203951,Keith Appling,203506,Victor Oladipo,1610612753,2015-16
203951,Keith Appling,101141,Ersan Ilyasova,1610612753,2015-16
203951,Keith Appling,202696,Nikola Vučević,1610612753,2015-16
203951,Keith Appling,203095,Evan Fournier,1610612753,2015-16
203951,Keith Appling,203906,Devyn Marble,1610612753,2015-16
203951,Keith Appling,203894,Shabazz Napier,1610612753,2015-16
203951,Keith Appling,201160,Jason Smith,1610612753,2015-16
203951,Keith Appling,1626209,Mario Hezonja,1610612753,2015-16
203951,Keith Appling,201228,C.J. Watson,1610612753,2015-16
203951,Keith Appling,203094,Andrew Nicholson,1610612753,2015-16
203951,Keith Appling,201943,Brandon Jennings,1610612753,2015-16
